0 verbose cli C:\Program Files\nodejs\node.exe C:\Users\Rakesh\AppData\Roaming\npm\node_modules\npm\bin\npm-cli.js
1 info using npm@9.9.4
2 info using node@v22.13.1
3 timing npm:load:whichnode Completed in 3ms
4 timing config:load:defaults Completed in 3ms
5 timing config:load:file:C:\Users\Rakesh\AppData\Roaming\npm\node_modules\npm\npmrc Completed in 6ms
6 timing config:load:builtin Completed in 6ms
7 timing config:load:cli Completed in 3ms
8 timing config:load:env Completed in 1ms
9 timing config:load:file:F:\Project-Management\client\.npmrc Completed in 1ms
10 timing config:load:project Completed in 2ms
11 timing config:load:file:C:\Users\Rakesh\.npmrc Completed in 1ms
12 timing config:load:user Completed in 1ms
13 timing config:load:file:C:\Users\Rakesh\AppData\Roaming\npm\etc\npmrc Completed in 0ms
14 timing config:load:global Completed in 0ms
15 timing config:load:setEnvs Completed in 2ms
16 timing config:load Completed in 19ms
17 timing npm:load:configload Completed in 19ms
18 timing config:load:flatten Completed in 5ms
19 timing npm:load:mkdirpcache Completed in 0ms
20 timing npm:load:mkdirplogs Completed in 0ms
21 verbose title npm ci
22 verbose argv "ci"
23 timing npm:load:setTitle Completed in 1ms
24 timing npm:load:display Completed in 2ms
25 verbose logfile logs-max:10 dir:F:\Project-Management\client\.npm-cache\_logs\2026-05-19T05_01_56_954Z-
26 verbose logfile F:\Project-Management\client\.npm-cache\_logs\2026-05-19T05_01_56_954Z-debug-0.log
27 timing npm:load:logFile Completed in 14ms
28 timing npm:load:timers Completed in 0ms
29 timing npm:load:configScope Completed in 0ms
30 timing npm:load Completed in 64ms
31 timing arborist:ctor Completed in 2ms
32 silly logfile done cleaning log files
33 timing idealTree:init Completed in 59ms
34 timing idealTree:userRequests Completed in 0ms
35 silly idealTree buildDeps
36 timing idealTree:#root Completed in 1ms
37 timing idealTree:buildDeps Completed in 3ms
38 timing idealTree:fixDepFlags Completed in 0ms
39 timing idealTree Completed in 70ms
40 timing npm-ci:rm Completed in 30ms
41 timing reify:loadTrees Completed in 6ms
42 timing reify:diffTrees Completed in 6ms
43 silly reify moves {}
44 timing reify:retireShallow Completed in 1ms
45 timing reify:createSparse Completed in 61ms
46 timing reify:loadBundles Completed in 0ms
47 silly audit bulk request {
47 silly audit   '@babel/code-frame': [ '7.27.1' ],
47 silly audit   '@babel/compat-data': [ '7.28.4' ],
47 silly audit   '@babel/core': [ '7.28.4' ],
47 silly audit   '@babel/generator': [ '7.28.3' ],
47 silly audit   '@babel/helper-compilation-targets': [ '7.27.2' ],
47 silly audit   '@babel/helper-globals': [ '7.28.0' ],
47 silly audit   '@babel/helper-module-imports': [ '7.27.1' ],
47 silly audit   '@babel/helper-module-transforms': [ '7.28.3' ],
47 silly audit   '@babel/helper-plugin-utils': [ '7.27.1' ],
47 silly audit   '@babel/helper-string-parser': [ '7.27.1' ],
47 silly audit   '@babel/helper-validator-identifier': [ '7.27.1' ],
47 silly audit   '@babel/helper-validator-option': [ '7.27.1' ],
47 silly audit   '@babel/helpers': [ '7.28.4' ],
47 silly audit   '@babel/parser': [ '7.28.4' ],
47 silly audit   '@babel/plugin-transform-react-jsx-self': [ '7.27.1' ],
47 silly audit   '@babel/plugin-transform-react-jsx-source': [ '7.27.1' ],
47 silly audit   '@babel/template': [ '7.27.2' ],
47 silly audit   '@babel/traverse': [ '7.28.4' ],
47 silly audit   '@babel/types': [ '7.28.4' ],
47 silly audit   '@esbuild/win32-x64': [ '0.25.10' ],
47 silly audit   '@eslint-community/eslint-utils': [ '4.9.0' ],
47 silly audit   'eslint-visitor-keys': [ '3.4.3', '4.2.1' ],
47 silly audit   '@eslint-community/regexpp': [ '4.12.1' ],
47 silly audit   '@eslint/config-array': [ '0.21.0' ],
47 silly audit   '@eslint/config-helpers': [ '0.4.0' ],
47 silly audit   '@eslint/core': [ '0.16.0' ],
47 silly audit   '@eslint/eslintrc': [ '3.3.1' ],
47 silly audit   globals: [ '14.0.0', '16.4.0' ],
47 silly audit   '@eslint/js': [ '9.37.0' ],
47 silly audit   '@eslint/object-schema': [ '2.1.6' ],
47 silly audit   '@eslint/plugin-kit': [ '0.4.0' ],
47 silly audit   '@humanfs/core': [ '0.19.1' ],
47 silly audit   '@humanfs/node': [ '0.16.7' ],
47 silly audit   '@humanwhocodes/module-importer': [ '1.0.1' ],
47 silly audit   '@humanwhocodes/retry': [ '0.4.3' ],
47 silly audit   '@isaacs/fs-minipass': [ '4.0.1' ],
47 silly audit   '@jridgewell/gen-mapping': [ '0.3.13' ],
47 silly audit   '@jridgewell/remapping': [ '2.3.5' ],
47 silly audit   '@jridgewell/resolve-uri': [ '3.1.2' ],
47 silly audit   '@jridgewell/sourcemap-codec': [ '1.5.5' ],
47 silly audit   '@jridgewell/trace-mapping': [ '0.3.31' ],
47 silly audit   '@reduxjs/toolkit': [ '2.9.0' ],
47 silly audit   '@rolldown/pluginutils': [ '1.0.0-beta.38' ],
47 silly audit   '@rollup/rollup-win32-x64-gnu': [ '4.52.4' ],
47 silly audit   '@rollup/rollup-win32-x64-msvc': [ '4.52.4' ],
47 silly audit   '@standard-schema/spec': [ '1.0.0' ],
47 silly audit   '@standard-schema/utils': [ '0.3.0' ],
47 silly audit   '@tailwindcss/node': [ '4.1.14' ],
47 silly audit   '@tailwindcss/oxide': [ '4.1.14' ],
47 silly audit   '@tailwindcss/oxide-win32-x64-msvc': [ '4.1.14' ],
47 silly audit   '@tailwindcss/vite': [ '4.1.14' ],
47 silly audit   '@types/babel__core': [ '7.20.5' ],
47 silly audit   '@types/babel__generator': [ '7.27.0' ],
47 silly audit   '@types/babel__template': [ '7.4.4' ],
47 silly audit   '@types/babel__traverse': [ '7.28.0' ],
47 silly audit   '@types/d3-array': [ '3.2.2' ],
47 silly audit   '@types/d3-color': [ '3.1.3' ],
47 silly audit   '@types/d3-ease': [ '3.0.2' ],
47 silly audit   '@types/d3-interpolate': [ '3.0.4' ],
47 silly audit   '@types/d3-path': [ '3.1.1' ],
47 silly audit   '@types/d3-scale': [ '4.0.9' ],
47 silly audit   '@types/d3-shape': [ '3.1.7' ],
47 silly audit   '@types/d3-time': [ '3.0.4' ],
47 silly audit   '@types/d3-timer': [ '3.0.2' ],
47 silly audit   '@types/estree': [ '1.0.8' ],
47 silly audit   '@types/json-schema': [ '7.0.15' ],
47 silly audit   '@types/react': [ '19.2.2' ],
47 silly audit   '@types/react-dom': [ '19.2.1' ],
47 silly audit   '@types/use-sync-external-store': [ '0.0.6' ],
47 silly audit   '@vitejs/plugin-react': [ '5.0.4' ],
47 silly audit   acorn: [ '8.15.0' ],
47 silly audit   'acorn-jsx': [ '5.3.2' ],
47 silly audit   ajv: [ '6.12.6' ],
47 silly audit   'ansi-styles': [ '4.3.0' ],
47 silly audit   argparse: [ '2.0.1' ],
47 silly audit   'balanced-match': [ '1.0.2' ],
47 silly audit   'baseline-browser-mapping': [ '2.8.16' ],
47 silly audit   'brace-expansion': [ '1.1.12' ],
47 silly audit   browserslist: [ '4.26.3' ],
47 silly audit   callsites: [ '3.1.0' ],
47 silly audit   'caniuse-lite': [ '1.0.30001750' ],
47 silly audit   chalk: [ '4.1.2' ],
47 silly audit   chownr: [ '3.0.0' ],
47 silly audit   clsx: [ '2.1.1' ],
47 silly audit   'color-convert': [ '2.0.1' ],
47 silly audit   'color-name': [ '1.1.4' ],
47 silly audit   'concat-map': [ '0.0.1' ],
47 silly audit   'convert-source-map': [ '2.0.0' ],
47 silly audit   cookie: [ '1.0.2' ],
47 silly audit   'cross-spawn': [ '7.0.6' ],
47 silly audit   csstype: [ '3.1.3' ],
47 silly audit   'd3-array': [ '3.2.4' ],
47 silly audit   'd3-color': [ '3.1.0' ],
47 silly audit   'd3-ease': [ '3.0.1' ],
47 silly audit   'd3-format': [ '3.1.0' ],
47 silly audit   'd3-interpolate': [ '3.0.1' ],
47 silly audit   'd3-path': [ '3.1.0' ],
47 silly audit   'd3-scale': [ '4.0.2' ],
47 silly audit   'd3-shape': [ '3.2.0' ],
47 silly audit   'd3-time': [ '3.1.0' ],
47 silly audit   'd3-time-format': [ '4.1.0' ],
47 silly audit   'd3-timer': [ '3.0.1' ],
47 silly audit   'date-fns': [ '4.1.0' ],
47 silly audit   debug: [ '4.4.3' ],
47 silly audit   'decimal.js-light': [ '2.5.1' ],
47 silly audit   'deep-is': [ '0.1.4' ],
47 silly audit   'detect-libc': [ '2.1.2' ],
47 silly audit   'electron-to-chromium': [ '1.5.234' ],
47 silly audit   'enhanced-resolve': [ '5.18.3' ],
47 silly audit   'es-toolkit': [ '1.40.0' ],
47 silly audit   esbuild: [ '0.25.10' ],
47 silly audit   escalade: [ '3.2.0' ],
47 silly audit   'escape-string-regexp': [ '4.0.0' ],
47 silly audit   eslint: [ '9.37.0' ],
47 silly audit   'eslint-plugin-react-hooks': [ '5.2.0' ],
47 silly audit   'eslint-plugin-react-refresh': [ '0.4.23' ],
47 silly audit   'eslint-scope': [ '8.4.0' ],
47 silly audit   espree: [ '10.4.0' ],
47 silly audit   esquery: [ '1.6.0' ],
47 silly audit   esrecurse: [ '4.3.0' ],
47 silly audit   estraverse: [ '5.3.0' ],
47 silly audit   esutils: [ '2.0.3' ],
47 silly audit   eventemitter3: [ '5.0.1' ],
47 silly audit   'fast-deep-equal': [ '3.1.3' ],
47 silly audit   'fast-json-stable-stringify': [ '2.1.0' ],
47 silly audit   'fast-levenshtein': [ '2.0.6' ],
47 silly audit   fdir: [ '6.5.0' ],
47 silly audit   'file-entry-cache': [ '8.0.0' ],
47 silly audit   'find-up': [ '5.0.0' ],
47 silly audit   'flat-cache': [ '4.0.1' ],
47 silly audit   flatted: [ '3.3.3' ],
47 silly audit   gensync: [ '1.0.0-beta.2' ],
47 silly audit   'glob-parent': [ '6.0.2' ],
47 silly audit   goober: [ '2.1.18' ],
47 silly audit   'graceful-fs': [ '4.2.11' ],
47 silly audit   'has-flag': [ '4.0.0' ],
47 silly audit   ignore: [ '5.3.2' ],
47 silly audit   immer: [ '10.1.3' ],
47 silly audit   'import-fresh': [ '3.3.1' ],
47 silly audit   imurmurhash: [ '0.1.4' ],
47 silly audit   internmap: [ '2.0.3' ],
47 silly audit   'is-extglob': [ '2.1.1' ],
47 silly audit   'is-glob': [ '4.0.3' ],
47 silly audit   isexe: [ '2.0.0' ],
47 silly audit   jiti: [ '2.6.1' ],
47 silly audit   'js-tokens': [ '4.0.0' ],
47 silly audit   'js-yaml': [ '4.1.0' ],
47 silly audit   jsesc: [ '3.1.0' ],
47 silly audit   'json-buffer': [ '3.0.1' ],
47 silly audit   'json-schema-traverse': [ '0.4.1' ],
47 silly audit   'json-stable-stringify-without-jsonify': [ '1.0.1' ],
47 silly audit   json5: [ '2.2.3' ],
47 silly audit   keyv: [ '4.5.4' ],
47 silly audit   levn: [ '0.4.1' ],
47 silly audit   lightningcss: [ '1.30.1' ],
47 silly audit   'lightningcss-win32-x64-msvc': [ '1.30.1' ],
47 silly audit   'locate-path': [ '6.0.0' ],
47 silly audit   'lodash.merge': [ '4.6.2' ],
47 silly audit   'lru-cache': [ '5.1.1' ],
47 silly audit   'lucide-react': [ '0.540.0' ],
47 silly audit   'magic-string': [ '0.30.19' ],
47 silly audit   minimatch: [ '3.1.2' ],
47 silly audit   minipass: [ '7.1.2' ],
47 silly audit   minizlib: [ '3.1.0' ],
47 silly audit   ms: [ '2.1.3' ],
47 silly audit   nanoid: [ '3.3.11' ],
47 silly audit   'natural-compare': [ '1.4.0' ],
47 silly audit   'node-releases': [ '2.0.23' ],
47 silly audit   optionator: [ '0.9.4' ],
47 silly audit   'p-limit': [ '3.1.0' ],
47 silly audit   'p-locate': [ '5.0.0' ],
47 silly audit   'parent-module': [ '1.0.1' ],
47 silly audit   'path-exists': [ '4.0.0' ],
47 silly audit   'path-key': [ '3.1.1' ],
47 silly audit   picocolors: [ '1.1.1' ],
47 silly audit   picomatch: [ '4.0.3' ],
47 silly audit   postcss: [ '8.5.6' ],
47 silly audit   'prelude-ls': [ '1.2.1' ],
47 silly audit   punycode: [ '2.3.1' ],
47 silly audit   react: [ '19.2.0' ],
47 silly audit   'react-dom': [ '19.2.0' ],
47 silly audit   'react-hot-toast': [ '2.6.0' ],
47 silly audit   'react-is': [ '19.2.0' ],
47 silly audit   'react-redux': [ '9.2.0' ],
47 silly audit   'react-refresh': [ '0.17.0' ],
47 silly audit   'react-router': [ '7.9.4' ],
47 silly audit   'react-router-dom': [ '7.9.4' ],
47 silly audit   recharts: [ '3.2.1' ],
47 silly audit   redux: [ '5.0.1' ],
47 silly audit   'redux-thunk': [ '3.1.0' ],
47 silly audit   reselect: [ '5.1.1' ],
47 silly audit   'resolve-from': [ '4.0.0' ],
47 silly audit   rollup: [ '4.52.4' ],
47 silly audit   scheduler: [ '0.27.0' ],
47 silly audit   semver: [ '6.3.1' ],
47 silly audit   'set-cookie-parser': [ '2.7.1' ],
47 silly audit   'shebang-command': [ '2.0.0' ],
47 silly audit   'shebang-regex': [ '3.0.0' ],
47 silly audit   'source-map-js': [ '1.2.1' ],
47 silly audit   'strip-json-comments': [ '3.1.1' ],
47 silly audit   'supports-color': [ '7.2.0' ],
47 silly audit   tailwindcss: [ '4.1.14' ],
47 silly audit   tapable: [ '2.3.0' ],
47 silly audit   tar: [ '7.5.1' ],
47 silly audit   yallist: [ '5.0.0', '3.1.1' ],
47 silly audit   'tiny-invariant': [ '1.3.3' ],
47 silly audit   tinyglobby: [ '0.2.15' ],
47 silly audit   'type-check': [ '0.4.0' ],
47 silly audit   'update-browserslist-db': [ '1.1.3' ],
47 silly audit   'uri-js': [ '4.4.1' ],
47 silly audit   'use-sync-external-store': [ '1.6.0' ],
47 silly audit   'victory-vendor': [ '37.3.6' ],
47 silly audit   vite: [ '7.1.9' ],
47 silly audit   which: [ '2.0.2' ],
47 silly audit   'word-wrap': [ '1.2.5' ],
47 silly audit   'yocto-queue': [ '0.1.0' ]
47 silly audit }
48 http fetch GET 200 https://registry.npmjs.org/type-check 1577ms (cache miss)
49 http fetch GET 200 https://registry.npmjs.org/which 1610ms (cache miss)
50 http fetch GET 200 https://registry.npmjs.org/word-wrap 1613ms (cache miss)
51 http fetch GET 200 https://registry.npmjs.org/yallist 1638ms (cache miss)
52 http fetch GET 200 https://registry.npmjs.org/update-browserslist-db 1637ms (cache miss)
53 http fetch GET 200 https://registry.npmjs.org/uri-js 1715ms (cache miss)
54 http fetch GET 200 https://registry.npmjs.org/victory-vendor 1747ms (cache miss)
55 http fetch GET 200 https://registry.npmjs.org/yocto-queue 1764ms (cache miss)
56 http fetch POST 200 https://registry.npmjs.org/-/npm/v1/security/advisories/bulk 2064ms
57 timing auditReport:getReport Completed in 2072ms
58 silly audit report {
58 silly audit report   ajv: [
58 silly audit report     {
58 silly audit report       id: 1113714,
58 silly audit report       url: 'https://github.com/advisories/GHSA-2g4f-4pwh-qvx6',
58 silly audit report       title: 'ajv has ReDoS when using `$data` option',
58 silly audit report       severity: 'moderate',
58 silly audit report       vulnerable_versions: '<6.14.0',
58 silly audit report       cwe: [Array],
58 silly audit report       cvss: [Object]
58 silly audit report     }
58 silly audit report   ],
58 silly audit report   'brace-expansion': [
58 silly audit report     {
58 silly audit report       id: 1115540,
58 silly audit report       url: 'https://github.com/advisories/GHSA-f886-m6hf-6m8v',
58 silly audit report       title: 'brace-expansion: Zero-step sequence causes process hang and memory exhaustion',
58 silly audit report       severity: 'moderate',
58 silly audit report       vulnerable_versions: '<1.1.13',
58 silly audit report       cwe: [Array],
58 silly audit report       cvss: [Object]
58 silly audit report     }
58 silly audit report   ],
58 silly audit report   flatted: [
58 silly audit report     {
58 silly audit report       id: 1114526,
58 silly audit report       url: 'https://github.com/advisories/GHSA-25h7-pfq9-p65f',
58 silly audit report       title: 'flatted vulnerable to unbounded recursion DoS in parse() revive phase',
58 silly audit report       severity: 'high',
58 silly audit report       vulnerable_versions: '<3.4.0',
58 silly audit report       cwe: [Array],
58 silly audit report       cvss: [Object]
58 silly audit report     },
58 silly audit report     {
58 silly audit report       id: 1115357,
58 silly audit report       url: 'https://github.com/advisories/GHSA-rf6f-7fwh-wjgh',
58 silly audit report       title: 'Prototype Pollution via parse() in NodeJS flatted',
58 silly audit report       severity: 'high',
58 silly audit report       vulnerable_versions: '<=3.4.1',
58 silly audit report       cwe: [Array],
58 silly audit report       cvss: [Object]
58 silly audit report     }
58 silly audit report   ],
58 silly audit report   'js-yaml': [
58 silly audit report     {
58 silly audit report       id: 1112715,
58 silly audit report       url: 'https://github.com/advisories/GHSA-mh29-5h37-fv8m',
58 silly audit report       title: 'js-yaml has prototype pollution in merge (<<)',
58 silly audit report       severity: 'moderate',
58 silly audit report       vulnerable_versions: '>=4.0.0 <4.1.1',
58 silly audit report       cwe: [Array],
58 silly audit report       cvss: [Object]
58 silly audit report     }
58 silly audit report   ],
58 silly audit report   minimatch: [
58 silly audit report     {
58 silly audit report       id: 1113459,
58 silly audit report       url: 'https://github.com/advisories/GHSA-3ppc-4f35-3m26',
58 silly audit report       title: 'minimatch has a ReDoS via repeated wildcards with non-matching literal in pattern',
58 silly audit report       severity: 'high',
58 silly audit report       vulnerable_versions: '<3.1.3',
58 silly audit report       cwe: [Array],
58 silly audit report       cvss: [Object]
58 silly audit report     },
58 silly audit report     {
58 silly audit report       id: 1113538,
58 silly audit report       url: 'https://github.com/advisories/GHSA-7r86-cg39-jmmj',
58 silly audit report       title: 'minimatch has ReDoS: matchOne() combinatorial backtracking via multiple non-adjacent GLOBSTAR segments',
58 silly audit report       severity: 'high',
58 silly audit report       vulnerable_versions: '<3.1.3',
58 silly audit report       cwe: [Array],
58 silly audit report       cvss: [Object]
58 silly audit report     },
58 silly audit report     {
58 silly audit report       id: 1113546,
58 silly audit report       url: 'https://github.com/advisories/GHSA-23c5-xmqv-rm74',
58 silly audit report       title: 'minimatch ReDoS: nested *() extglobs generate catastrophically backtracking regular expressions',
58 silly audit report       severity: 'high',
58 silly audit report       vulnerable_versions: '<3.1.4',
58 silly audit report       cwe: [Array],
58 silly audit report       cvss: [Object]
58 silly audit report     }
58 silly audit report   ],
58 silly audit report   picomatch: [
58 silly audit report     {
58 silly audit report       id: 1115551,
58 silly audit report       url: 'https://github.com/advisories/GHSA-3v7f-55p6-f55p',
58 silly audit report       title: 'Picomatch: Method Injection in POSIX Character Classes causes incorrect Glob Matching',
58 silly audit report       severity: 'moderate',
58 silly audit report       vulnerable_versions: '>=4.0.0 <4.0.4',
58 silly audit report       cwe: [Array],
58 silly audit report       cvss: [Object]
58 silly audit report     },
58 silly audit report     {
58 silly audit report       id: 1115554,
58 silly audit report       url: 'https://github.com/advisories/GHSA-c2c7-rcm5-vvqj',
58 silly audit report       title: 'Picomatch has a ReDoS vulnerability via extglob quantifiers',
58 silly audit report       severity: 'high',
58 silly audit report       vulnerable_versions: '>=4.0.0 <4.0.4',
58 silly audit report       cwe: [Array],
58 silly audit report       cvss: [Object]
58 silly audit report     }
58 silly audit report   ],
58 silly audit report   postcss: [
58 silly audit report     {
58 silly audit report       id: 1117015,
58 silly audit report       url: 'https://github.com/advisories/GHSA-qx2v-qp2m-jg93',
58 silly audit report       title: 'PostCSS has XSS via Unescaped </style> in its CSS Stringify Output',
58 silly audit report       severity: 'moderate',
58 silly audit report       vulnerable_versions: '<8.5.10',
58 silly audit report       cwe: [Array],
58 silly audit report       cvss: [Object]
58 silly audit report     }
58 silly audit report   ],
58 silly audit report   'react-router': [
58 silly audit report     {
58 silly audit report       id: 1112051,
58 silly audit report       url: 'https://github.com/advisories/GHSA-h5cw-625j-3rxh',
58 silly audit report       title: 'React Router has CSRF issue in Action/Server Action Request Processing',
58 silly audit report       severity: 'moderate',
58 silly audit report       vulnerable_versions: '>=7.0.0 <=7.11.0',
58 silly audit report       cwe: [Array],
58 silly audit report       cvss: [Object]
58 silly audit report     },
58 silly audit report     {
58 silly audit report       id: 1112053,
58 silly audit report       url: 'https://github.com/advisories/GHSA-2w69-qvjg-hvjx',
58 silly audit report       title: 'React Router vulnerable to XSS via Open Redirects',
58 silly audit report       severity: 'high',
58 silly audit report       vulnerable_versions: '>=7.0.0 <=7.11.0',
58 silly audit report       cwe: [Array],
58 silly audit report       cvss: [Object]
58 silly audit report     },
58 silly audit report     {
58 silly audit report       id: 1112055,
58 silly audit report       url: 'https://github.com/advisories/GHSA-8v8x-cx79-35w7',
58 silly audit report       title: 'React Router SSR XSS in ScrollRestoration',
58 silly audit report       severity: 'high',
58 silly audit report       vulnerable_versions: '>=7.0.0 <7.12.0',
58 silly audit report       cwe: [Array],
58 silly audit report       cvss: [Object]
58 silly audit report     },
58 silly audit report     {
58 silly audit report       id: 1112056,
58 silly audit report       url: 'https://github.com/advisories/GHSA-9jcx-v3wj-wh4m',
58 silly audit report       title: 'React Router has unexpected external redirect via untrusted paths',
58 silly audit report       severity: 'moderate',
58 silly audit report       vulnerable_versions: '>=7.0.0 <7.9.6',
58 silly audit report       cwe: [Array],
58 silly audit report       cvss: [Object]
58 silly audit report     }
58 silly audit report   ],
58 silly audit report   rollup: [
58 silly audit report     {
58 silly audit report       id: 1113515,
58 silly audit report       url: 'https://github.com/advisories/GHSA-mw96-cpmx-2vgc',
58 silly audit report       title: 'Rollup 4 has Arbitrary File Write via Path Traversal',
58 silly audit report       severity: 'high',
58 silly audit report       vulnerable_versions: '>=4.0.0 <4.59.0',
58 silly audit report       cwe: [Array],
58 silly audit report       cvss: [Object]
58 silly audit report     }
58 silly audit report   ],
58 silly audit report   tar: [
58 silly audit report     {
58 silly audit report       id: 1109463,
58 silly audit report       url: 'https://github.com/advisories/GHSA-29xp-372q-xqph',
58 silly audit report       title: 'node-tar has a race condition leading to uninitialized memory exposure',
58 silly audit report       severity: 'moderate',
58 silly audit report       vulnerable_versions: '=7.5.1',
58 silly audit report       cwe: [Array],
58 silly audit report       cvss: [Object]
58 silly audit report     },
58 silly audit report     {
58 silly audit report       id: 1112659,
58 silly audit report       url: 'https://github.com/advisories/GHSA-34x7-hfp2-rc4v',
58 silly audit report       title: 'node-tar Vulnerable to Arbitrary File Creation/Overwrite via Hardlink Path Traversal',
58 silly audit report       severity: 'high',
58 silly audit report       vulnerable_versions: '<7.5.7',
58 silly audit report       cwe: [Array],
58 silly audit report       cvss: [Object]
58 silly audit report     },
58 silly audit report     {
58 silly audit report       id: 1113300,
58 silly audit report       url: 'https://github.com/advisories/GHSA-8qq5-rm4j-mr97',
58 silly audit report       title: 'node-tar is Vulnerable to Arbitrary File Overwrite and Symlink Poisoning via Insufficient Path Sanitization',
58 silly audit report       severity: 'high',
58 silly audit report       vulnerable_versions: '<=7.5.2',
58 silly audit report       cwe: [Array],
58 silly audit report       cvss: [Object]
58 silly audit report     },
58 silly audit report     {
58 silly audit report       id: 1113375,
58 silly audit report       url: 'https://github.com/advisories/GHSA-83g3-92jg-28cx',
58 silly audit report       title: 'Arbitrary File Read/Write via Hardlink Target Escape Through Symlink Chain in node-tar Extraction',
58 silly audit report       severity: 'high',
58 silly audit report       vulnerable_versions: '<7.5.8',
58 silly audit report       cwe: [Array],
58 silly audit report       cvss: [Object]
58 silly audit report     },
58 silly audit report     {
58 silly audit report       id: 1114200,
58 silly audit report       url: 'https://github.com/advisories/GHSA-qffp-2rhf-9h96',
58 silly audit report       title: 'tar has Hardlink Path Traversal via Drive-Relative Linkpath',
58 silly audit report       severity: 'high',
58 silly audit report       vulnerable_versions: '<=7.5.9',
58 silly audit report       cwe: [Array],
58 silly audit report       cvss: [Object]
58 silly audit report     },
58 silly audit report     {
58 silly audit report       id: 1114302,
58 silly audit report       url: 'https://github.com/advisories/GHSA-9ppj-qmqm-q256',
58 silly audit report       title: 'node-tar Symlink Path Traversal via Drive-Relative Linkpath',
58 silly audit report       severity: 'high',
58 silly audit report       vulnerable_versions: '<=7.5.10',
58 silly audit report       cwe: [Array],
58 silly audit report       cvss: [Object]
58 silly audit report     },
58 silly audit report     {
58 silly audit report       id: 1114680,
58 silly audit report       url: 'https://github.com/advisories/GHSA-r6q2-hw4h-h46w',
58 silly audit report       title: 'Race Condition in node-tar Path Reservations via Unicode Ligature Collisions on macOS APFS',
58 silly audit report       severity: 'high',
58 silly audit report       vulnerable_versions: '<=7.5.3',
58 silly audit report       cwe: [Array],
58 silly audit report       cvss: [Object]
58 silly audit report     }
58 silly audit report   ],
58 silly audit report   vite: [
58 silly audit report     {
58 silly audit report       id: 1109137,
58 silly audit report       url: 'https://github.com/advisories/GHSA-93m4-6634-74q7',
58 silly audit report       title: 'vite allows server.fs.deny bypass via backslash on Windows',
58 silly audit report       severity: 'moderate',
58 silly audit report       vulnerable_versions: '>=7.1.0 <=7.1.10',
58 silly audit report       cwe: [Array],
58 silly audit report       cvss: [Object]
58 silly audit report     },
58 silly audit report     {
58 silly audit report       id: 1116230,
58 silly audit report       url: 'https://github.com/advisories/GHSA-4w7w-66w2-5vf9',
58 silly audit report       title: 'Vite Vulnerable to Path Traversal in Optimized Deps `.map` Handling',
58 silly audit report       severity: 'moderate',
58 silly audit report       vulnerable_versions: '>=7.0.0 <=7.3.1',
58 silly audit report       cwe: [Array],
58 silly audit report       cvss: [Object]
58 silly audit report     },
58 silly audit report     {
58 silly audit report       id: 1116232,
58 silly audit report       url: 'https://github.com/advisories/GHSA-v2wj-q39q-566r',
58 silly audit report       title: 'Vite: `server.fs.deny` bypassed with queries',
58 silly audit report       severity: 'high',
58 silly audit report       vulnerable_versions: '>=7.1.0 <=7.3.1',
58 silly audit report       cwe: [Array],
58 silly audit report       cvss: [Object]
58 silly audit report     },
58 silly audit report     {
58 silly audit report       id: 1116235,
58 silly audit report       url: 'https://github.com/advisories/GHSA-p9ff-h696-f583',
58 silly audit report       title: 'Vite Vulnerable to Arbitrary File Read via Vite Dev Server WebSocket',
58 silly audit report       severity: 'high',
58 silly audit report       vulnerable_versions: '>=7.0.0 <=7.3.1',
58 silly audit report       cwe: [Array],
58 silly audit report       cvss: [Object]
58 silly audit report     }
58 silly audit report   ]
58 silly audit report }
59 timing metavuln:cache:get:security-advisory:ajv:u4HOZ0QFYFTDLqnZ5TPSC8VEvP+HMuGcZACJuTqG8bm/gunrgkQwsiiH2pbF9tNIl45RK0sW2ccPzEojb1k0xQ== Completed in 10ms
60 timing metavuln:cache:get:security-advisory:brace-expansion:kIHgu1L8zIy7pY0wp6wYzUm7tst3xTM2tiSYrstcGK/XsO7o4p6zyuUSjq93oH1dvU2tbEvlSW+gaNbGIbeudw== Completed in 9ms
61 timing metavuln:cache:get:security-advisory:flatted:oa7V2KnuHnLCPcrXFvcQLRAa1NASGJm9yZ+B92xpfwxan7PZyVrZjYAHt6LB51PFfA2mM8KGE+VHR+U5X/2uZw== Completed in 9ms
62 timing metavuln:cache:get:security-advisory:flatted:uMG/3R828PE31LVzr7SnM2pFAXessH3XoRtonZYiGJtZfR5a//VWhmdMxy/RepstCydCDFxkci7fqEuzEvhnAA== Completed in 9ms
63 timing metavuln:cache:get:security-advisory:js-yaml:621IdjBdZEeVoUcjWGl1jXN0jFDGaf7dIQMeaPVKf5MxqYprJztiOC0OHOUPVoayh7Cq/fTC8L5CqEb98qlE7w== Completed in 8ms
64 timing metavuln:cache:get:security-advisory:minimatch:V/3cIcyAQcG1bwuH0e0PI9Qt5WRtbvb/WOz2mBxAfNzXf+Dvs9G1X05eHjnPq2b0TJY4zXXpqhCAkRAipgk3iQ== Completed in 8ms
65 timing metavuln:cache:get:security-advisory:minimatch:kx7kRjUmjSYmgQBpfsU82Na4xORZqvqpRRSlOyPLadasPBl0YfFJCjIETC00BG7Gd2omQLizgz8/GnnE/hk+Jw== Completed in 8ms
66 timing metavuln:cache:get:security-advisory:minimatch:tdaAHfWGUw/nl/W8ALWVH+LvG2E3gvo3P2FI/fVPxm3aZteLxWMOEuk/9iDk5O0/cZN/GRXnabt/mW/bfUoL/g== Completed in 8ms
67 timing metavuln:cache:get:security-advisory:picomatch:2VXNT0aF/Oc+aljqzVZL+y7UYoRsun3f1sCqjauwt4R4X9DizyqvONZbNtH8U58EY1DnyPNR0Ul3cX6UkEWNqw== Completed in 8ms
68 timing metavuln:cache:get:security-advisory:picomatch:PpR3fLr2OHopA+LsAWF3etD15aOC+jSmDwUcp4VQCTrR40wKvI/IGhhNd2qAhozxRYiHGwb06lLJm+b8SMoG/w== Completed in 8ms
69 timing metavuln:cache:get:security-advisory:postcss:685RVq5xScaqegAXk2BRJrsMaZmsz1d/volUoA67iVw3AvHhUlX03u+VPRrmo8iuObcSDvuZF+fuiOnLC9L1uA== Completed in 8ms
70 timing metavuln:cache:get:security-advisory:react-router:LL/m6KQnMVH198UOSw04JpHxqJ4/ZhjExD0c/Huo6Fmskdm1ZfZJ879lKoThHmVkLX7jfV+Xn5a2Bn2h7bM+tA== Completed in 7ms
71 timing metavuln:cache:get:security-advisory:react-router:Z9ZnMZhMs0kkH/J3t/aL9QpwBSy8b6dTtbtupm3zIrvaseE+irLNZ4Pa30rdDlBAc09uHOmHFWlVqwKYy8XZ8Q== Completed in 7ms
72 timing metavuln:cache:get:security-advisory:react-router:JQUxU4wfOFAgKcnwmW+VMHdSzrKtv3xFyRyeKOWIi8jb9f6KqlT18ypY6lB4pR1CnYS27i1LfUrCoeILoBuC1A== Completed in 7ms
73 timing metavuln:cache:get:security-advisory:react-router:FBGS8hIF+q4onquA82/T6j4VC0D/sJhY5HczORU31qZR0WoQu/pFjMOP9zPruTmht8jauggQbhmymblcDF+4kQ== Completed in 7ms
74 timing metavuln:cache:get:security-advisory:rollup:j57+QiunRUdD0cUD+SOC+z9ahAKAX/ORqNrS8xn5EMmMoVNjDT6jDQ8+1zJZRvVKgeAjbBSmjAgyimjwq9Hhfg== Completed in 7ms
75 timing metavuln:cache:get:security-advisory:tar:yTPyur4X3lE39v7zdkE15v05LuZzee3Nh2S9FBJ4PraCijRulUq0MlWeW5nvqHC+T3FKxfh/RgcTEGjH+N98dA== Completed in 7ms
76 timing metavuln:cache:get:security-advisory:tar:qPQeYPFDBIedTWfYK3sbnScF6Ha7ouTs+wgndnz4PT5P+/K+GBD4epoPcYpXlu6AC7gSJlCJTJeuKbYAFoK9PA== Completed in 7ms
77 timing metavuln:cache:get:security-advisory:tar:cbwMpzkxWE086TmEbj2aUk80Z6hlvP0jzlWS+XiX15JwqEtFzUgHyHj3QX4I6EZYk8tgcYPuNr3hYFVCQY6e3Q== Completed in 7ms
78 timing metavuln:cache:get:security-advisory:tar:Bbf0Br7FJ1lJBIJDoLLFwjsDrbaYgLVqfrwr0ATzSQWEKW7Xp073S+5zxU9imRf4OqRJHo2MsCDeyKR0KRVsdA== Completed in 7ms
79 timing metavuln:cache:get:security-advisory:tar:eeMx7uxRjV2T2ub1XcSZGVUMDQllh5SgBOjApRXoDwccZb2xPyoJEKCNDkl/ZQGHcurw9K/Nf+wQF6u7SWH6CQ== Completed in 6ms
80 timing metavuln:cache:get:security-advisory:tar:UWW3Y4BpqE/fE3Qp2/QBaix5a7TZZoP7gM6asxPYL9ED9MweoK3ryao+Bp0Y6Y8Xds/rmjAafpG21YRYkP3N4g== Completed in 6ms
81 timing metavuln:cache:get:security-advisory:tar:vbDW3SJe6e2hhLv65iuyXehzCzEAirdu2MloZluu8ApJ5S0mpjZNCz+7tMRaz8WDOzMKfYQKi/M/IfcFNOa3Cw== Completed in 6ms
82 timing metavuln:cache:get:security-advisory:vite:YKZN1cuK0pxcyIP3QXJZO734e2Qjk40j3+OYQl4HmvWqf3wNiu52G0d2+mIMZQml5XDCaqy2lJgHKYY4I1XsHQ== Completed in 6ms
83 timing metavuln:cache:get:security-advisory:vite:KfZn8yxFghRSACYGvtoE5dS+n7MZ6IoDfxWttMT44/PEQln6urGt1L12TRUqdcGj/tg3v/t/GlXIj0Yl4wYTaQ== Completed in 6ms
84 timing metavuln:cache:get:security-advisory:vite:YKy4GOwNBzYPcn5Xa2ttFRubdc68zM0lpbEYfRzqKP4QtBRYJH9u3PgqUhIzxkCEAaL9OtJYNzj89wT4miRA2A== Completed in 5ms
85 timing metavuln:cache:get:security-advisory:vite:SCO1RRwPelWhJ/uWmFc7/ylctclEgPPJUhE0gRdbA8vEo5CpmXWDHQld5vZGRMty/O49XuvkGICdtbOr7Bggsg== Completed in 5ms
86 http fetch GET 200 https://registry.npmjs.org/tinyglobby 1975ms (cache miss)
87 http fetch GET 200 https://registry.npmjs.org/tiny-invariant 1978ms (cache miss)
88 http fetch GET 200 https://registry.npmjs.org/tar 1989ms (cache miss)
89 http fetch GET 200 https://registry.npmjs.org/source-map-js 2338ms (cache miss)
90 http fetch GET 200 https://registry.npmjs.org/shebang-regex 2342ms (cache miss)
91 http fetch GET 200 https://registry.npmjs.org/shebang-command 2344ms (cache miss)
92 http fetch GET 200 https://registry.npmjs.org/tapable 2356ms (cache miss)
93 http fetch GET 200 https://registry.npmjs.org/supports-color 2357ms (cache miss)
94 http fetch GET 200 https://registry.npmjs.org/set-cookie-parser 2402ms (cache miss)
95 http fetch GET 200 https://registry.npmjs.org/resolve-from 2528ms (cache miss)
96 http fetch GET 200 https://registry.npmjs.org/semver 2713ms (cache miss)
97 http fetch GET 200 https://registry.npmjs.org/strip-json-comments 2719ms (cache miss)
98 http fetch GET 200 https://registry.npmjs.org/redux-thunk 2801ms (cache miss)
99 http fetch GET 200 https://registry.npmjs.org/reselect 2864ms (cache miss)
100 http fetch GET 200 https://registry.npmjs.org/redux 2888ms (cache miss)
101 http fetch GET 200 https://registry.npmjs.org/npm 4719ms (cache miss)
102 http fetch GET 200 https://registry.npmjs.org/vite 4328ms (cache miss)
103 http fetch GET 200 https://registry.npmjs.org/react-hot-toast 4593ms (cache miss)
104 http fetch GET 200 https://registry.npmjs.org/recharts 4606ms (cache miss)
105 http fetch GET 200 https://registry.npmjs.org/react-redux 5723ms (cache miss)
106 http fetch GET 200 https://registry.npmjs.org/prelude-ls 5939ms (cache miss)
107 http fetch GET 200 https://registry.npmjs.org/punycode 5942ms (cache miss)
108 http fetch GET 200 https://registry.npmjs.org/picomatch 6185ms (cache miss)
109 http fetch GET 200 https://registry.npmjs.org/use-sync-external-store 6516ms (cache miss)
110 http fetch GET 200 https://registry.npmjs.org/path-key 6564ms (cache miss)
111 http fetch GET 200 https://registry.npmjs.org/path-exists 6566ms (cache miss)
112 http fetch GET 200 https://registry.npmjs.org/picocolors 6569ms (cache miss)
113 http fetch GET 200 https://registry.npmjs.org/postcss 6724ms (cache miss)
114 http fetch GET 200 https://registry.npmjs.org/p-locate 6877ms (cache miss)
115 http fetch GET 200 https://registry.npmjs.org/react-router-dom 6957ms (cache miss)
116 http fetch GET 200 https://registry.npmjs.org/react-router 7062ms (cache miss)
117 http fetch GET 200 https://registry.npmjs.org/optionator 7244ms (cache miss)
118 http fetch GET 200 https://registry.npmjs.org/natural-compare 7246ms (cache miss)
119 http fetch GET 200 https://registry.npmjs.org/p-limit 7249ms (cache miss)
120 http fetch GET 200 https://registry.npmjs.org/parent-module 7252ms (cache miss)
121 http fetch GET 200 https://registry.npmjs.org/node-releases 7254ms (cache miss)
122 http fetch GET 200 https://registry.npmjs.org/ms 7649ms (cache miss)
123 http fetch GET 200 https://registry.npmjs.org/minizlib 7653ms (cache miss)
124 http fetch GET 200 https://registry.npmjs.org/nanoid 7658ms (cache miss)
125 http fetch GET 200 https://registry.npmjs.org/magic-string 8075ms (cache miss)
126 http fetch GET 200 https://registry.npmjs.org/minipass 8080ms (cache miss)
127 http fetch GET 200 https://registry.npmjs.org/lru-cache 8113ms (cache miss)
128 http fetch GET 200 https://registry.npmjs.org/minimatch 8234ms (cache miss)
129 http fetch GET 200 https://registry.npmjs.org/lodash.merge 8508ms (cache miss)
130 http fetch GET 200 https://registry.npmjs.org/locate-path 8520ms (cache miss)
131 http fetch GET 200 https://registry.npmjs.org/rollup 8568ms (cache miss)
132 http fetch GET 200 https://registry.npmjs.org/lightningcss-win32-x64-msvc 8596ms (cache miss)
133 http fetch GET 200 https://registry.npmjs.org/lightningcss 8878ms (cache miss)
134 http fetch GET 200 https://registry.npmjs.org/levn 8882ms (cache miss)
135 http fetch GET 200 https://registry.npmjs.org/keyv 8908ms (cache miss)
136 http fetch GET 200 https://registry.npmjs.org/json5 8916ms (cache miss)
137 http fetch GET 200 https://registry.npmjs.org/react-refresh 9154ms (cache miss)
138 http fetch GET 200 https://registry.npmjs.org/json-stable-stringify-without-jsonify 9242ms (cache miss)
139 http fetch GET 200 https://registry.npmjs.org/json-schema-traverse 9918ms (cache miss)
140 http fetch GET 200 https://registry.npmjs.org/scheduler 9937ms (cache miss)
141 http fetch GET 200 https://registry.npmjs.org/json-buffer 9990ms (cache miss)
142 http fetch GET 200 https://registry.npmjs.org/jsesc 10457ms (cache miss)
143 http fetch GET 200 https://registry.npmjs.org/lucide-react 10516ms (cache miss)
144 http fetch GET 200 https://registry.npmjs.org/react 10821ms (cache miss)
145 http fetch GET 200 https://registry.npmjs.org/react-is 10851ms (cache miss)
146 http fetch GET 200 https://registry.npmjs.org/react-dom 10873ms (cache miss)
147 http fetch GET 200 https://registry.npmjs.org/js-yaml 11117ms (cache miss)
148 http fetch GET 200 https://registry.npmjs.org/js-tokens 11139ms (cache miss)
149 http fetch GET 200 https://registry.npmjs.org/isexe 11140ms (cache miss)
150 http fetch GET 200 https://registry.npmjs.org/is-glob 11156ms (cache miss)
151 http fetch GET 200 https://registry.npmjs.org/is-extglob 11177ms (cache miss)
152 http fetch GET 200 https://registry.npmjs.org/jiti 11192ms (cache miss)
153 http fetch GET 200 https://registry.npmjs.org/internmap 11260ms (cache miss)
154 http fetch GET 200 https://registry.npmjs.org/import-fresh 11262ms (cache miss)
155 http fetch GET 200 https://registry.npmjs.org/imurmurhash 11385ms (cache miss)
156 http fetch GET 200 https://registry.npmjs.org/ignore 11654ms (cache miss)
157 http fetch GET 200 https://registry.npmjs.org/immer 11822ms (cache miss)
158 http fetch GET 200 https://registry.npmjs.org/graceful-fs 12151ms (cache miss)
159 http fetch GET 200 https://registry.npmjs.org/has-flag 12162ms (cache miss)
160 http fetch GET 200 https://registry.npmjs.org/goober 12282ms (cache miss)
161 http fetch GET 200 https://registry.npmjs.org/glob-parent 12353ms (cache miss)
162 http fetch GET 200 https://registry.npmjs.org/globals 12385ms (cache miss)
163 http fetch GET 200 https://registry.npmjs.org/flat-cache 12414ms (cache miss)
164 http fetch GET 200 https://registry.npmjs.org/find-up 12419ms (cache miss)
165 http fetch GET 200 https://registry.npmjs.org/flatted 12572ms (cache miss)
166 http fetch GET 200 https://registry.npmjs.org/fdir 12582ms (cache miss)
167 http fetch GET 200 https://registry.npmjs.org/file-entry-cache 12585ms (cache miss)
168 http fetch GET 200 https://registry.npmjs.org/fast-levenshtein 12593ms (cache miss)
169 http fetch GET 200 https://registry.npmjs.org/fast-json-stable-stringify 12925ms (cache miss)
170 http fetch GET 200 https://registry.npmjs.org/fast-deep-equal 12949ms (cache miss)
171 http fetch GET 200 https://registry.npmjs.org/esutils 12954ms (cache miss)
172 http fetch GET 200 https://registry.npmjs.org/esrecurse 12955ms (cache miss)
173 http fetch GET 200 https://registry.npmjs.org/eventemitter3 12958ms (cache miss)
174 http fetch GET 200 https://registry.npmjs.org/estraverse 12961ms (cache miss)
175 http fetch GET 200 https://registry.npmjs.org/gensync 12970ms (cache miss)
176 http fetch GET 200 https://registry.npmjs.org/esquery 12974ms (cache miss)
177 http fetch GET 200 https://registry.npmjs.org/espree 12992ms (cache miss)
178 http fetch GET 200 https://registry.npmjs.org/eslint-scope 13000ms (cache miss)
179 http fetch GET 200 https://registry.npmjs.org/eslint-visitor-keys 13018ms (cache miss)
180 http fetch GET 200 https://registry.npmjs.org/eslint-plugin-react-refresh 13020ms (cache miss)
181 http fetch GET 200 https://registry.npmjs.org/eslint 13408ms (cache miss)
182 http fetch GET 200 https://registry.npmjs.org/escape-string-regexp 13471ms (cache miss)
183 http fetch GET 200 https://registry.npmjs.org/deep-is 13490ms (cache miss)
184 http fetch GET 200 https://registry.npmjs.org/decimal.js-light 13547ms (cache miss)
185 http fetch GET 200 https://registry.npmjs.org/debug 13717ms (cache miss)
186 http fetch GET 200 https://registry.npmjs.org/d3-timer 13722ms (cache miss)
187 http fetch GET 200 https://registry.npmjs.org/enhanced-resolve 13756ms (cache miss)
188 http fetch GET 200 https://registry.npmjs.org/escalade 13768ms (cache miss)
189 http fetch GET 200 https://registry.npmjs.org/detect-libc 13772ms (cache miss)
190 http fetch GET 200 https://registry.npmjs.org/date-fns 13896ms (cache miss)
191 http fetch GET 200 https://registry.npmjs.org/d3-time 14071ms (cache miss)
192 http fetch GET 200 https://registry.npmjs.org/d3-shape 14082ms (cache miss)
193 http fetch GET 200 https://registry.npmjs.org/d3-time-format 14090ms (cache miss)
194 http fetch GET 200 https://registry.npmjs.org/es-toolkit 14191ms (cache miss)
195 http fetch GET 200 https://registry.npmjs.org/tailwindcss 14509ms (cache miss)
196 http fetch GET 200 https://registry.npmjs.org/d3-scale 14540ms (cache miss)
197 http fetch GET 200 https://registry.npmjs.org/esbuild 14546ms (cache miss)
198 http fetch GET 200 https://registry.npmjs.org/cross-spawn 14561ms (cache miss)
199 http fetch GET 200 https://registry.npmjs.org/d3-path 14570ms (cache miss)
200 http fetch GET 200 https://registry.npmjs.org/d3-interpolate 14572ms (cache miss)
201 http fetch GET 200 https://registry.npmjs.org/d3-color 14573ms (cache miss)
202 http fetch GET 200 https://registry.npmjs.org/d3-array 14578ms (cache miss)
203 http fetch GET 200 https://registry.npmjs.org/d3-ease 14844ms (cache miss)
204 http fetch GET 200 https://registry.npmjs.org/convert-source-map 14843ms (cache miss)
205 http fetch GET 200 https://registry.npmjs.org/cookie 14848ms (cache miss)
206 http fetch GET 200 https://registry.npmjs.org/d3-format 14852ms (cache miss)
207 http fetch GET 200 https://registry.npmjs.org/csstype 14856ms (cache miss)
208 http fetch GET 200 https://registry.npmjs.org/eslint-plugin-react-hooks 14877ms (cache miss)
209 http fetch GET 200 https://registry.npmjs.org/concat-map 14939ms (cache miss)
210 http fetch GET 200 https://registry.npmjs.org/callsites 14942ms (cache miss)
211 http fetch GET 200 https://registry.npmjs.org/color-name 14946ms (cache miss)
212 http fetch GET 200 https://registry.npmjs.org/chownr 14948ms (cache miss)
213 http fetch GET 200 https://registry.npmjs.org/color-convert 14952ms (cache miss)
214 http fetch GET 200 https://registry.npmjs.org/clsx 14954ms (cache miss)
215 http fetch GET 200 https://registry.npmjs.org/chalk 14956ms (cache miss)
216 http fetch GET 200 https://registry.npmjs.org/argparse 15221ms (cache miss)
217 http fetch GET 200 https://registry.npmjs.org/balanced-match 15281ms (cache miss)
218 http fetch GET 200 https://registry.npmjs.org/ansi-styles 15285ms (cache miss)
219 http fetch GET 200 https://registry.npmjs.org/baseline-browser-mapping 15300ms (cache miss)
220 http fetch GET 200 https://registry.npmjs.org/acorn-jsx 15323ms (cache miss)
221 http fetch GET 200 https://registry.npmjs.org/brace-expansion 15376ms (cache miss)
222 http fetch GET 200 https://registry.npmjs.org/browserslist 15385ms (cache miss)
223 http fetch GET 200 https://registry.npmjs.org/acorn 15420ms (cache miss)
224 http fetch GET 200 https://registry.npmjs.org/@vitejs%2fplugin-react 15570ms (cache miss)
225 http fetch GET 200 https://registry.npmjs.org/ajv 15582ms (cache miss)
226 http fetch GET 200 https://registry.npmjs.org/@types%2fuse-sync-external-store 15606ms (cache miss)
227 http fetch GET 200 https://registry.npmjs.org/@types%2fjson-schema 15754ms (cache miss)
228 http fetch GET 200 https://registry.npmjs.org/@types%2festree 15771ms (cache miss)
229 http fetch GET 200 https://registry.npmjs.org/@types%2fd3-time 15796ms (cache miss)
230 http fetch GET 200 https://registry.npmjs.org/@types%2fd3-shape 15963ms (cache miss)
231 http fetch GET 200 https://registry.npmjs.org/@types%2freact 15969ms (cache miss)
232 http fetch GET 200 https://registry.npmjs.org/@types%2freact-dom 15999ms (cache miss)
233 http fetch GET 200 https://registry.npmjs.org/@types%2fd3-path 16011ms (cache miss)
234 http fetch GET 200 https://registry.npmjs.org/@types%2fd3-interpolate 16013ms (cache miss)
235 http fetch GET 200 https://registry.npmjs.org/@types%2fd3-color 16015ms (cache miss)
236 http fetch GET 200 https://registry.npmjs.org/@types%2fbabel__traverse 16016ms (cache miss)
237 http fetch GET 200 https://registry.npmjs.org/@types%2fd3-scale 16154ms (cache miss)
238 http fetch GET 200 https://registry.npmjs.org/@types%2fd3-ease 16155ms (cache miss)
239 http fetch GET 200 https://registry.npmjs.org/@types%2fd3-timer 16160ms (cache miss)
240 http fetch GET 200 https://registry.npmjs.org/@types%2fbabel__template 16326ms (cache miss)
241 http fetch GET 200 https://registry.npmjs.org/@types%2fbabel__generator 16331ms (cache miss)
242 http fetch GET 200 https://registry.npmjs.org/@types%2fbabel__core 16366ms (cache miss)
243 http fetch GET 200 https://registry.npmjs.org/@standard-schema%2futils 16390ms (cache miss)
244 http fetch GET 200 https://registry.npmjs.org/@standard-schema%2fspec 16394ms (cache miss)
245 http fetch GET 200 https://registry.npmjs.org/@types%2fd3-array 16418ms (cache miss)
246 http fetch GET 200 https://registry.npmjs.org/@rollup%2frollup-win32-x64-msvc 16457ms (cache miss)
247 http fetch GET 200 https://registry.npmjs.org/@tailwindcss%2fvite 16685ms (cache miss)
248 http fetch GET 200 https://registry.npmjs.org/@tailwindcss%2fnode 16721ms (cache miss)
249 http fetch GET 200 https://registry.npmjs.org/@rollup%2frollup-win32-x64-gnu 16751ms (cache miss)
250 http fetch GET 200 https://registry.npmjs.org/@rolldown%2fpluginutils 16824ms (cache miss)
251 http fetch GET 200 https://registry.npmjs.org/@jridgewell%2fsourcemap-codec 16923ms (cache miss)
252 http fetch GET 200 https://registry.npmjs.org/@jridgewell%2ftrace-mapping 16936ms (cache miss)
253 http fetch GET 200 https://registry.npmjs.org/@isaacs%2ffs-minipass 17053ms (cache miss)
254 http fetch GET 200 https://registry.npmjs.org/@jridgewell%2fresolve-uri 17058ms (cache miss)
255 http fetch GET 200 https://registry.npmjs.org/@jridgewell%2fremapping 17059ms (cache miss)
256 http fetch GET 200 https://registry.npmjs.org/@reduxjs%2ftoolkit 17095ms (cache miss)
257 http fetch GET 200 https://registry.npmjs.org/@jridgewell%2fgen-mapping 17138ms (cache miss)
258 http fetch GET 200 https://registry.npmjs.org/@tailwindcss%2foxide 17146ms (cache miss)
259 http fetch GET 200 https://registry.npmjs.org/electron-to-chromium 17198ms (cache miss)
260 http fetch GET 200 https://registry.npmjs.org/caniuse-lite 17223ms (cache miss)
261 http fetch GET 200 https://registry.npmjs.org/@humanwhocodes%2fretry 17219ms (cache miss)
262 http fetch GET 200 https://registry.npmjs.org/@humanwhocodes%2fmodule-importer 17220ms (cache miss)
263 http fetch GET 200 https://registry.npmjs.org/@eslint%2fplugin-kit 17247ms (cache miss)
264 http fetch GET 200 https://registry.npmjs.org/@humanfs%2fnode 17447ms (cache miss)
265 http fetch GET 200 https://registry.npmjs.org/@humanfs%2fcore 17471ms (cache miss)
266 http fetch GET 200 https://registry.npmjs.org/@eslint%2fobject-schema 17499ms (cache miss)
267 http fetch GET 200 https://registry.npmjs.org/@eslint%2fjs 17505ms (cache miss)
268 http fetch GET 200 https://registry.npmjs.org/@eslint%2fconfig-array 17517ms (cache miss)
269 http fetch GET 200 https://registry.npmjs.org/@eslint%2fcore 17520ms (cache miss)
270 http fetch GET 200 https://registry.npmjs.org/@eslint%2fconfig-helpers 17523ms (cache miss)
271 http fetch GET 200 https://registry.npmjs.org/@eslint%2feslintrc 17579ms (cache miss)
272 http fetch GET 200 https://registry.npmjs.org/@babel%2ftypes 17606ms (cache miss)
273 http fetch GET 200 https://registry.npmjs.org/@eslint-community%2fregexpp 17846ms (cache miss)
274 http fetch GET 200 https://registry.npmjs.org/@eslint-community%2feslint-utils 17849ms (cache miss)
275 http fetch GET 200 https://registry.npmjs.org/@esbuild%2fwin32-x64 17892ms (cache miss)
276 http fetch GET 200 https://registry.npmjs.org/@babel%2fplugin-transform-react-jsx-source 17904ms (cache miss)
277 http fetch GET 200 https://registry.npmjs.org/@babel%2fhelper-validator-identifier 17937ms (cache miss)
278 http fetch GET 200 https://registry.npmjs.org/@babel%2fhelper-validator-option 17950ms (cache miss)
279 http fetch GET 200 https://registry.npmjs.org/@babel%2fplugin-transform-react-jsx-self 17975ms (cache miss)
280 http fetch GET 200 https://registry.npmjs.org/@babel%2fhelper-string-parser 17980ms (cache miss)
281 http fetch GET 200 https://registry.npmjs.org/@babel%2fhelpers 18001ms (cache miss)
282 http fetch GET 200 https://registry.npmjs.org/@babel%2ftemplate 18033ms (cache miss)
283 http fetch GET 200 https://registry.npmjs.org/@babel%2ftraverse 18039ms (cache miss)
284 http fetch GET 200 https://registry.npmjs.org/@babel%2fhelper-module-transforms 18055ms (cache miss)
285 http fetch GET 200 https://registry.npmjs.org/@babel%2fparser 18060ms (cache miss)
286 http fetch GET 200 https://registry.npmjs.org/@babel%2fhelper-plugin-utils 18182ms (cache miss)
287 http fetch GET 200 https://registry.npmjs.org/@babel%2fhelper-globals 18384ms (cache miss)
288 http fetch GET 200 https://registry.npmjs.org/@babel%2fhelper-module-imports 18578ms (cache miss)
289 http fetch GET 200 https://registry.npmjs.org/yallist 18677ms (cache miss)
290 http fetch GET 200 https://registry.npmjs.org/@babel%2fgenerator 18720ms (cache miss)
291 http fetch GET 200 https://registry.npmjs.org/@babel%2fcore 18731ms (cache miss)
292 http fetch GET 200 https://registry.npmjs.org/@babel%2fcode-frame 18750ms (cache miss)
293 http fetch GET 200 https://registry.npmjs.org/@babel%2fcompat-data 18755ms (cache miss)
294 http fetch GET 200 https://registry.npmjs.org/eslint-visitor-keys 18839ms (cache miss)
295 http fetch GET 200 https://registry.npmjs.org/globals 18842ms (cache miss)
296 http fetch GET 200 https://registry.npmjs.org/yallist/-/yallist-3.1.1.tgz 17288ms (cache miss)
297 http fetch GET 200 https://registry.npmjs.org/type-check/-/type-check-0.4.0.tgz 17340ms (cache miss)
298 http fetch GET 200 https://registry.npmjs.org/@babel%2fhelper-compilation-targets 18849ms (cache miss)
299 http fetch GET 200 https://registry.npmjs.org/update-browserslist-db/-/update-browserslist-db-1.1.3.tgz 17292ms (cache miss)
300 http fetch GET 200 https://registry.npmjs.org/which/-/which-2.0.2.tgz 17323ms (cache miss)
301 http fetch GET 200 https://registry.npmjs.org/word-wrap/-/word-wrap-1.2.5.tgz 17320ms (cache miss)
302 timing reifyNode:node_modules/yallist Completed in 19048ms
303 timing reifyNode:node_modules/type-check Completed in 19049ms
304 timing reifyNode:node_modules/which Completed in 19051ms
305 timing reifyNode:node_modules/word-wrap Completed in 19053ms
306 timing reifyNode:node_modules/update-browserslist-db Completed in 19052ms
307 http fetch GET 200 https://registry.npmjs.org/yocto-queue/-/yocto-queue-0.1.0.tgz 17475ms (cache miss)
308 timing reifyNode:node_modules/yocto-queue Completed in 19349ms
309 http fetch GET 200 https://registry.npmjs.org/brace-expansion 17528ms (cache miss)
310 timing metavuln:packument:brace-expansion Completed in 17528ms
311 timing metavuln:load:security-advisory:brace-expansion:1115540 Completed in 2ms
312 http fetch GET 200 https://registry.npmjs.org/js-yaml 17531ms (cache miss)
313 timing metavuln:packument:js-yaml Completed in 17532ms
314 timing metavuln:load:security-advisory:js-yaml:1112715 Completed in 2ms
315 http fetch GET 200 https://registry.npmjs.org/flatted 17539ms (cache miss)
316 timing metavuln:packument:flatted Completed in 17539ms
317 timing metavuln:load:security-advisory:flatted:1114526 Completed in 2ms
318 timing metavuln:load:security-advisory:flatted:1115357 Completed in 2ms
319 http fetch GET 200 https://registry.npmjs.org/picomatch 17542ms (cache miss)
320 timing metavuln:packument:picomatch Completed in 17543ms
321 timing metavuln:load:security-advisory:picomatch:1115551 Completed in 1ms
322 timing metavuln:load:security-advisory:picomatch:1115554 Completed in 1ms
323 http fetch GET 200 https://registry.npmjs.org/ajv 17554ms (cache miss)
324 timing metavuln:packument:ajv Completed in 17562ms
325 timing metavuln:load:security-advisory:ajv:1113714 Completed in 13ms
326 http fetch GET 200 https://registry.npmjs.org/minimatch 17607ms (cache miss)
327 timing metavuln:packument:minimatch Completed in 17609ms
328 timing metavuln:load:security-advisory:minimatch:1113459 Completed in 2ms
329 timing metavuln:load:security-advisory:minimatch:1113538 Completed in 2ms
330 timing metavuln:load:security-advisory:minimatch:1113546 Completed in 2ms
331 timing metavuln:cache:put:security-advisory:brace-expansion:kIHgu1L8zIy7pY0wp6wYzUm7tst3xTM2tiSYrstcGK/XsO7o4p6zyuUSjq93oH1dvU2tbEvlSW+gaNbGIbeudw== Completed in 96ms
332 timing metavuln:calculate:security-advisory:brace-expansion:1115540 Completed in 17627ms
333 timing metavuln:cache:put:security-advisory:js-yaml:621IdjBdZEeVoUcjWGl1jXN0jFDGaf7dIQMeaPVKf5MxqYprJztiOC0OHOUPVoayh7Cq/fTC8L5CqEb98qlE7w== Completed in 93ms
334 timing metavuln:calculate:security-advisory:js-yaml:1112715 Completed in 17627ms
335 timing metavuln:cache:put:security-advisory:picomatch:2VXNT0aF/Oc+aljqzVZL+y7UYoRsun3f1sCqjauwt4R4X9DizyqvONZbNtH8U58EY1DnyPNR0Ul3cX6UkEWNqw== Completed in 83ms
336 timing metavuln:calculate:security-advisory:picomatch:1115551 Completed in 17627ms
337 timing metavuln:cache:put:security-advisory:picomatch:PpR3fLr2OHopA+LsAWF3etD15aOC+jSmDwUcp4VQCTrR40wKvI/IGhhNd2qAhozxRYiHGwb06lLJm+b8SMoG/w== Completed in 84ms
338 timing metavuln:calculate:security-advisory:picomatch:1115554 Completed in 17629ms
339 timing metavuln:cache:put:security-advisory:flatted:oa7V2KnuHnLCPcrXFvcQLRAa1NASGJm9yZ+B92xpfwxan7PZyVrZjYAHt6LB51PFfA2mM8KGE+VHR+U5X/2uZw== Completed in 91ms
340 timing metavuln:calculate:security-advisory:flatted:1114526 Completed in 17632ms
341 timing metavuln:cache:put:security-advisory:flatted:uMG/3R828PE31LVzr7SnM2pFAXessH3XoRtonZYiGJtZfR5a//VWhmdMxy/RepstCydCDFxkci7fqEuzEvhnAA== Completed in 89ms
342 timing metavuln:calculate:security-advisory:flatted:1115357 Completed in 17633ms
343 http fetch GET 200 https://registry.npmjs.org/tinyglobby/-/tinyglobby-0.2.15.tgz 17609ms (cache miss)
344 timing metavuln:cache:put:security-advisory:ajv:u4HOZ0QFYFTDLqnZ5TPSC8VEvP+HMuGcZACJuTqG8bm/gunrgkQwsiiH2pbF9tNIl45RK0sW2ccPzEojb1k0xQ== Completed in 66ms
345 timing metavuln:calculate:security-advisory:ajv:1113714 Completed in 17641ms
346 timing metavuln:cache:put:security-advisory:minimatch:tdaAHfWGUw/nl/W8ALWVH+LvG2E3gvo3P2FI/fVPxm3aZteLxWMOEuk/9iDk5O0/cZN/GRXnabt/mW/bfUoL/g== Completed in 26ms
347 timing metavuln:calculate:security-advisory:minimatch:1113546 Completed in 17643ms
348 timing metavuln:cache:put:security-advisory:minimatch:kx7kRjUmjSYmgQBpfsU82Na4xORZqvqpRRSlOyPLadasPBl0YfFJCjIETC00BG7Gd2omQLizgz8/GnnE/hk+Jw== Completed in 29ms
349 timing metavuln:calculate:security-advisory:minimatch:1113538 Completed in 17643ms
350 timing metavuln:cache:put:security-advisory:minimatch:V/3cIcyAQcG1bwuH0e0PI9Qt5WRtbvb/WOz2mBxAfNzXf+Dvs9G1X05eHjnPq2b0TJY4zXXpqhCAkRAipgk3iQ== Completed in 33ms
351 timing metavuln:calculate:security-advisory:minimatch:1113459 Completed in 17644ms
352 timing reifyNode:node_modules/tinyglobby Completed in 19712ms
353 http fetch GET 200 https://registry.npmjs.org/uri-js/-/uri-js-4.4.1.tgz 17908ms (cache miss)
354 timing reifyNode:node_modules/uri-js Completed in 19740ms
355 http fetch GET 200 https://registry.npmjs.org/victory-vendor/-/victory-vendor-37.3.6.tgz 18101ms (cache miss)
356 timing reifyNode:node_modules/victory-vendor Completed in 19998ms
357 http fetch GET 200 https://registry.npmjs.org/tar 18003ms (cache miss)
358 timing metavuln:packument:tar Completed in 18006ms
359 timing metavuln:load:security-advisory:tar:1109463 Completed in 3ms
360 timing metavuln:load:security-advisory:tar:1112659 Completed in 3ms
361 timing metavuln:load:security-advisory:tar:1113300 Completed in 2ms
362 timing metavuln:load:security-advisory:tar:1113375 Completed in 2ms
363 timing metavuln:load:security-advisory:tar:1114200 Completed in 3ms
364 timing metavuln:load:security-advisory:tar:1114302 Completed in 2ms
365 timing metavuln:load:security-advisory:tar:1114680 Completed in 2ms
366 timing metavuln:cache:put:security-advisory:tar:Bbf0Br7FJ1lJBIJDoLLFwjsDrbaYgLVqfrwr0ATzSQWEKW7Xp073S+5zxU9imRf4OqRJHo2MsCDeyKR0KRVsdA== Completed in 22ms
367 timing metavuln:calculate:security-advisory:tar:1113375 Completed in 18040ms
368 timing metavuln:cache:put:security-advisory:tar:UWW3Y4BpqE/fE3Qp2/QBaix5a7TZZoP7gM6asxPYL9ED9MweoK3ryao+Bp0Y6Y8Xds/rmjAafpG21YRYkP3N4g== Completed in 17ms
369 timing metavuln:calculate:security-advisory:tar:1114302 Completed in 18041ms
370 timing metavuln:cache:put:security-advisory:tar:cbwMpzkxWE086TmEbj2aUk80Z6hlvP0jzlWS+XiX15JwqEtFzUgHyHj3QX4I6EZYk8tgcYPuNr3hYFVCQY6e3Q== Completed in 28ms
371 timing metavuln:calculate:security-advisory:tar:1113300 Completed in 18043ms
372 timing metavuln:cache:put:security-advisory:tar:yTPyur4X3lE39v7zdkE15v05LuZzee3Nh2S9FBJ4PraCijRulUq0MlWeW5nvqHC+T3FKxfh/RgcTEGjH+N98dA== Completed in 34ms
373 timing metavuln:calculate:security-advisory:tar:1109463 Completed in 18043ms
374 timing metavuln:cache:put:security-advisory:tar:qPQeYPFDBIedTWfYK3sbnScF6Ha7ouTs+wgndnz4PT5P+/K+GBD4epoPcYpXlu6AC7gSJlCJTJeuKbYAFoK9PA== Completed in 31ms
375 timing metavuln:calculate:security-advisory:tar:1112659 Completed in 18043ms
376 timing metavuln:cache:put:security-advisory:tar:eeMx7uxRjV2T2ub1XcSZGVUMDQllh5SgBOjApRXoDwccZb2xPyoJEKCNDkl/ZQGHcurw9K/Nf+wQF6u7SWH6CQ== Completed in 22ms
377 timing metavuln:calculate:security-advisory:tar:1114200 Completed in 18043ms
378 timing metavuln:cache:put:security-advisory:tar:vbDW3SJe6e2hhLv65iuyXehzCzEAirdu2MloZluu8ApJ5S0mpjZNCz+7tMRaz8WDOzMKfYQKi/M/IfcFNOa3Cw== Completed in 15ms
379 timing metavuln:calculate:security-advisory:tar:1114680 Completed in 18043ms
380 http fetch GET 200 https://registry.npmjs.org/tiny-invariant/-/tiny-invariant-1.3.3.tgz 18336ms (cache miss)
381 http fetch GET 200 https://registry.npmjs.org/source-map-js/-/source-map-js-1.2.1.tgz 17979ms (cache miss)
382 http fetch GET 200 https://registry.npmjs.org/shebang-regex/-/shebang-regex-3.0.0.tgz 17978ms (cache miss)
383 http fetch GET 200 https://registry.npmjs.org/tapable/-/tapable-2.3.0.tgz 17966ms (cache miss)
384 http fetch GET 200 https://registry.npmjs.org/shebang-command/-/shebang-command-2.0.0.tgz 17976ms (cache miss)
385 http fetch GET 200 https://registry.npmjs.org/resolve-from/-/resolve-from-4.0.0.tgz 17791ms (cache miss)
386 http fetch GET 200 https://registry.npmjs.org/set-cookie-parser/-/set-cookie-parser-2.7.1.tgz 17920ms (cache miss)
387 http fetch GET 200 https://registry.npmjs.org/supports-color/-/supports-color-7.2.0.tgz 17968ms (cache miss)
388 http fetch GET 200 https://registry.npmjs.org/react-router 18391ms (cache miss)
389 timing metavuln:packument:react-router Completed in 18406ms
390 timing metavuln:load:security-advisory:react-router:1112051 Completed in 60ms
391 timing metavuln:load:security-advisory:react-router:1112053 Completed in 41ms
392 timing metavuln:load:security-advisory:react-router:1112055 Completed in 35ms
393 timing metavuln:load:security-advisory:react-router:1112056 Completed in 33ms
394 timing reifyNode:node_modules/shebang-regex Completed in 20641ms
395 timing reifyNode:node_modules/shebang-command Completed in 20644ms
396 timing reifyNode:node_modules/resolve-from Completed in 20645ms
397 timing reifyNode:node_modules/set-cookie-parser Completed in 20646ms
398 timing reifyNode:node_modules/supports-color Completed in 20656ms
399 timing metavuln:cache:put:security-advisory:react-router:Z9ZnMZhMs0kkH/J3t/aL9QpwBSy8b6dTtbtupm3zIrvaseE+irLNZ4Pa30rdDlBAc09uHOmHFWlVqwKYy8XZ8Q== Completed in 103ms
400 timing metavuln:calculate:security-advisory:react-router:1112053 Completed in 18611ms
401 timing metavuln:cache:put:security-advisory:react-router:LL/m6KQnMVH198UOSw04JpHxqJ4/ZhjExD0c/Huo6Fmskdm1ZfZJ879lKoThHmVkLX7jfV+Xn5a2Bn2h7bM+tA== Completed in 146ms
402 timing metavuln:calculate:security-advisory:react-router:1112051 Completed in 18612ms
403 timing metavuln:cache:put:security-advisory:react-router:JQUxU4wfOFAgKcnwmW+VMHdSzrKtv3xFyRyeKOWIi8jb9f6KqlT18ypY6lB4pR1CnYS27i1LfUrCoeILoBuC1A== Completed in 68ms
404 timing metavuln:calculate:security-advisory:react-router:1112055 Completed in 18612ms
405 timing metavuln:cache:put:security-advisory:react-router:FBGS8hIF+q4onquA82/T6j4VC0D/sJhY5HczORU31qZR0WoQu/pFjMOP9zPruTmht8jauggQbhmymblcDF+4kQ== Completed in 35ms
406 timing metavuln:calculate:security-advisory:react-router:1112056 Completed in 18613ms
407 http fetch GET 200 https://registry.npmjs.org/@tailwindcss%2foxide-win32-x64-msvc 20511ms (cache miss)
408 http fetch GET 200 https://registry.npmjs.org/semver/-/semver-6.3.1.tgz 17864ms (cache miss)
409 timing reifyNode:node_modules/tiny-invariant Completed in 20703ms
410 timing reifyNode:node_modules/semver Completed in 20706ms
411 http fetch GET 200 https://registry.npmjs.org/rollup 18648ms (cache miss)
412 timing metavuln:packument:rollup Completed in 18674ms
413 timing metavuln:load:security-advisory:rollup:1113515 Completed in 18ms
414 timing reifyNode:node_modules/tapable Completed in 20763ms
415 timing metavuln:cache:put:security-advisory:rollup:j57+QiunRUdD0cUD+SOC+z9ahAKAX/ORqNrS8xn5EMmMoVNjDT6jDQ8+1zJZRvVKgeAjbBSmjAgyimjwq9Hhfg== Completed in 9ms
416 timing metavuln:calculate:security-advisory:rollup:1113515 Completed in 18702ms
417 timing reifyNode:node_modules/source-map-js Completed in 20764ms
418 http fetch GET 200 https://registry.npmjs.org/tar/-/tar-7.5.1.tgz 18949ms (cache miss)
419 http fetch GET 200 https://registry.npmjs.org/postcss 19012ms (cache miss)
420 timing metavuln:packument:postcss Completed in 19018ms
421 timing metavuln:load:security-advisory:postcss:1117015 Completed in 4ms
422 http fetch GET 200 https://registry.npmjs.org/redux-thunk/-/redux-thunk-3.1.0.tgz 18185ms (cache miss)
423 http fetch GET 200 https://registry.npmjs.org/strip-json-comments/-/strip-json-comments-3.1.1.tgz 18273ms (cache miss)
424 timing metavuln:cache:put:security-advisory:postcss:685RVq5xScaqegAXk2BRJrsMaZmsz1d/volUoA67iVw3AvHhUlX03u+VPRrmo8iuObcSDvuZF+fuiOnLC9L1uA== Completed in 29ms
425 timing metavuln:calculate:security-advisory:postcss:1117015 Completed in 19052ms
426 timing reifyNode:node_modules/strip-json-comments Completed in 21115ms
427 timing reifyNode:node_modules/redux-thunk Completed in 21122ms
428 timing reifyNode:node_modules/tar Completed in 21202ms
429 http fetch GET 200 https://registry.npmjs.org/redux/-/redux-5.0.1.tgz 18561ms (cache miss)
430 timing reifyNode:node_modules/redux Completed in 21572ms
431 http fetch GET 200 https://registry.npmjs.org/reselect/-/reselect-5.1.1.tgz 18854ms (cache miss)
432 timing reifyNode:node_modules/reselect Completed in 21840ms
433 http fetch GET 200 https://registry.npmjs.org/prelude-ls/-/prelude-ls-1.2.1.tgz 15894ms (cache miss)
434 timing reifyNode:node_modules/prelude-ls Completed in 21963ms
435 http fetch GET 200 https://registry.npmjs.org/punycode/-/punycode-2.3.1.tgz 16110ms (cache miss)
436 timing reifyNode:node_modules/punycode Completed in 22177ms
437 http fetch GET 200 https://registry.npmjs.org/path-key/-/path-key-3.1.1.tgz 15603ms (cache miss)
438 timing reifyNode:node_modules/path-key Completed in 22298ms
439 http fetch GET 200 https://registry.npmjs.org/use-sync-external-store/-/use-sync-external-store-1.6.0.tgz 15660ms (cache miss)
440 http fetch GET 200 https://registry.npmjs.org/react-hot-toast/-/react-hot-toast-2.6.0.tgz 17618ms (cache miss)
441 timing reifyNode:node_modules/use-sync-external-store Completed in 22336ms
442 timing reifyNode:node_modules/react-hot-toast Completed in 22337ms
443 http fetch GET 200 https://registry.npmjs.org/react-redux/-/react-redux-9.2.0.tgz 16491ms (cache miss)
444 timing reifyNode:node_modules/react-redux Completed in 22342ms
445 http fetch GET 200 https://registry.npmjs.org/vite 20313ms (cache miss)
446 timing metavuln:packument:vite Completed in 20340ms
447 timing metavuln:load:security-advisory:vite:1109137 Completed in 18ms
448 timing metavuln:load:security-advisory:vite:1116230 Completed in 23ms
449 timing metavuln:load:security-advisory:vite:1116232 Completed in 21ms
450 timing metavuln:load:security-advisory:vite:1116235 Completed in 22ms
451 http fetch GET 200 https://registry.npmjs.org/picocolors/-/picocolors-1.1.1.tgz 15825ms (cache miss)
452 http fetch GET 200 https://registry.npmjs.org/path-exists/-/path-exists-4.0.0.tgz 15829ms (cache miss)
453 timing metavuln:cache:put:security-advisory:vite:YKZN1cuK0pxcyIP3QXJZO734e2Qjk40j3+OYQl4HmvWqf3wNiu52G0d2+mIMZQml5XDCaqy2lJgHKYY4I1XsHQ== Completed in 99ms
454 timing metavuln:calculate:security-advisory:vite:1109137 Completed in 20457ms
455 timing metavuln:cache:put:security-advisory:vite:KfZn8yxFghRSACYGvtoE5dS+n7MZ6IoDfxWttMT44/PEQln6urGt1L12TRUqdcGj/tg3v/t/GlXIj0Yl4wYTaQ== Completed in 75ms
456 timing metavuln:calculate:security-advisory:vite:1116230 Completed in 20457ms
457 timing metavuln:cache:put:security-advisory:vite:YKy4GOwNBzYPcn5Xa2ttFRubdc68zM0lpbEYfRzqKP4QtBRYJH9u3PgqUhIzxkCEAaL9OtJYNzj89wT4miRA2A== Completed in 54ms
458 timing metavuln:calculate:security-advisory:vite:1116232 Completed in 20458ms
459 timing metavuln:cache:put:security-advisory:vite:SCO1RRwPelWhJ/uWmFc7/ylctclEgPPJUhE0gRdbA8vEo5CpmXWDHQld5vZGRMty/O49XuvkGICdtbOr7Bggsg== Completed in 32ms
460 timing metavuln:calculate:security-advisory:vite:1116235 Completed in 20458ms
461 timing metavuln:packument:@eslint/eslintrc Completed in 0ms
462 timing metavuln:packument:eslint Completed in 0ms
463 timing metavuln:cache:get:security-advisory:@eslint/eslintrc:aTNWJFSkw5DS4SB2nZgnaAFFdAXCgYakUu7Vnu0VAj0AclpVyjznKIgNeS8Irm+NcHSORmoypttmDbChxemxqA== Completed in 2ms
464 timing metavuln:load:security-advisory:@eslint/eslintrc:u4HOZ0QFYFTDLqnZ5TPSC8VEvP+HMuGcZACJuTqG8bm/gunrgkQwsiiH2pbF9tNIl45RK0sW2ccPzEojb1k0xQ== Completed in 7ms
465 timing metavuln:cache:get:security-advisory:eslint:6kRX7Aokk76Jx6XoOHiMSU8BTR90SQMK5AZjmt7HFdN87a8DFzzjuJwsTWoA1xHp5ATdta4R7ud3Xw2YczLZlA== Completed in 9ms
466 timing metavuln:load:security-advisory:eslint:u4HOZ0QFYFTDLqnZ5TPSC8VEvP+HMuGcZACJuTqG8bm/gunrgkQwsiiH2pbF9tNIl45RK0sW2ccPzEojb1k0xQ== Completed in 38ms
467 timing reifyNode:node_modules/path-exists Completed in 22582ms
468 timing reifyNode:node_modules/picocolors Completed in 22587ms
469 timing metavuln:cache:put:security-advisory:eslint:6kRX7Aokk76Jx6XoOHiMSU8BTR90SQMK5AZjmt7HFdN87a8DFzzjuJwsTWoA1xHp5ATdta4R7ud3Xw2YczLZlA== Completed in 27ms
470 timing metavuln:calculate:security-advisory:eslint:u4HOZ0QFYFTDLqnZ5TPSC8VEvP+HMuGcZACJuTqG8bm/gunrgkQwsiiH2pbF9tNIl45RK0sW2ccPzEojb1k0xQ== Completed in 74ms
471 http fetch GET 200 https://registry.npmjs.org/p-locate/-/p-locate-5.0.0.tgz 15597ms (cache miss)
472 timing metavuln:cache:put:security-advisory:@eslint/eslintrc:aTNWJFSkw5DS4SB2nZgnaAFFdAXCgYakUu7Vnu0VAj0AclpVyjznKIgNeS8Irm+NcHSORmoypttmDbChxemxqA== Completed in 68ms
473 timing metavuln:calculate:security-advisory:@eslint/eslintrc:u4HOZ0QFYFTDLqnZ5TPSC8VEvP+HMuGcZACJuTqG8bm/gunrgkQwsiiH2pbF9tNIl45RK0sW2ccPzEojb1k0xQ== Completed in 77ms
474 timing metavuln:cache:get:security-advisory:minimatch:/0Er43jAJYtedmFf28LczeYNpugHuL8c0lEtKZQ3iahaosdPvdPdhmr9lB0BwJr6iZu9ORb4I2CUoET1WHhyuA== Completed in 1ms
475 timing metavuln:load:security-advisory:minimatch:kIHgu1L8zIy7pY0wp6wYzUm7tst3xTM2tiSYrstcGK/XsO7o4p6zyuUSjq93oH1dvU2tbEvlSW+gaNbGIbeudw== Completed in 4ms
476 http fetch GET 200 https://registry.npmjs.org/picomatch/-/picomatch-4.0.3.tgz 16299ms (cache miss)
477 timing reifyNode:node_modules/p-locate Completed in 22622ms
478 timing reifyNode:node_modules/picomatch Completed in 22624ms
479 timing metavuln:cache:put:security-advisory:minimatch:/0Er43jAJYtedmFf28LczeYNpugHuL8c0lEtKZQ3iahaosdPvdPdhmr9lB0BwJr6iZu9ORb4I2CUoET1WHhyuA== Completed in 27ms
480 timing metavuln:calculate:security-advisory:minimatch:kIHgu1L8zIy7pY0wp6wYzUm7tst3xTM2tiSYrstcGK/XsO7o4p6zyuUSjq93oH1dvU2tbEvlSW+gaNbGIbeudw== Completed in 32ms
481 timing metavuln:packument:flat-cache Completed in 1ms
482 timing metavuln:cache:get:security-advisory:flat-cache:JhiW4rt37xHiozZ7KHa24qUwDKaqeEmfEKkkfEIx/3FvJpogNevZOLgbh2yXpecOg6mIB2Ykrg7bF88g6uOdtQ== Completed in 2ms
483 timing metavuln:load:security-advisory:flat-cache:oa7V2KnuHnLCPcrXFvcQLRAa1NASGJm9yZ+B92xpfwxan7PZyVrZjYAHt6LB51PFfA2mM8KGE+VHR+U5X/2uZw== Completed in 5ms
484 http fetch GET 200 https://registry.npmjs.org/react-router-dom/-/react-router-dom-7.9.4.tgz 15556ms (cache miss)
485 timing metavuln:cache:put:security-advisory:flat-cache:JhiW4rt37xHiozZ7KHa24qUwDKaqeEmfEKkkfEIx/3FvJpogNevZOLgbh2yXpecOg6mIB2Ykrg7bF88g6uOdtQ== Completed in 13ms
486 timing metavuln:calculate:security-advisory:flat-cache:oa7V2KnuHnLCPcrXFvcQLRAa1NASGJm9yZ+B92xpfwxan7PZyVrZjYAHt6LB51PFfA2mM8KGE+VHR+U5X/2uZw== Completed in 21ms
487 timing metavuln:cache:get:security-advisory:@eslint/eslintrc:+dj/LqpwTuLnMbBYuGIzIb6b3zspptDh0rakRHhZtIReGOQCQDIXFUqoHFXyUBrXqkKL96IYWa7gOtmMPQ2AIw== Completed in 0ms
488 timing metavuln:load:security-advisory:@eslint/eslintrc:621IdjBdZEeVoUcjWGl1jXN0jFDGaf7dIQMeaPVKf5MxqYprJztiOC0OHOUPVoayh7Cq/fTC8L5CqEb98qlE7w== Completed in 4ms
489 timing reifyNode:node_modules/react-router-dom Completed in 22660ms
490 timing metavuln:cache:put:security-advisory:@eslint/eslintrc:+dj/LqpwTuLnMbBYuGIzIb6b3zspptDh0rakRHhZtIReGOQCQDIXFUqoHFXyUBrXqkKL96IYWa7gOtmMPQ2AIw== Completed in 11ms
491 timing metavuln:calculate:security-advisory:@eslint/eslintrc:621IdjBdZEeVoUcjWGl1jXN0jFDGaf7dIQMeaPVKf5MxqYprJztiOC0OHOUPVoayh7Cq/fTC8L5CqEb98qlE7w== Completed in 16ms
492 timing metavuln:packument:@eslint/config-array Completed in 0ms
493 timing metavuln:cache:get:security-advisory:@eslint/config-array:iswiKp5um/RTDbRwoLwTd6GOZwXgC1BLG6b1m/LIkBZsuw7EY4rvdz8xyhDm8cJ03tRn/L6ikTK/1eH08Dntjg== Completed in 2ms
494 timing metavuln:load:security-advisory:@eslint/config-array:V/3cIcyAQcG1bwuH0e0PI9Qt5WRtbvb/WOz2mBxAfNzXf+Dvs9G1X05eHjnPq2b0TJY4zXXpqhCAkRAipgk3iQ== Completed in 4ms
495 timing metavuln:cache:get:security-advisory:@eslint/eslintrc:ekjU9xvLMIGZ60VAS3cJiXhpLVygLLVhrX5j5gbU96muSnaowg56B//Z2ieRbqnSyEhXO09OAWrrIfGViIVogQ== Completed in 5ms
496 timing metavuln:load:security-advisory:@eslint/eslintrc:V/3cIcyAQcG1bwuH0e0PI9Qt5WRtbvb/WOz2mBxAfNzXf+Dvs9G1X05eHjnPq2b0TJY4zXXpqhCAkRAipgk3iQ== Completed in 1ms
497 timing metavuln:cache:get:security-advisory:eslint:ev5azc2U50vUYTqLo2/jaU7l8ps6Yvlqzkyp5OLr37QKqPK3+eCnjR+sureWWgBbnj1subBH7GupBmACDEZ2Mw== Completed in 7ms
498 timing metavuln:load:security-advisory:eslint:V/3cIcyAQcG1bwuH0e0PI9Qt5WRtbvb/WOz2mBxAfNzXf+Dvs9G1X05eHjnPq2b0TJY4zXXpqhCAkRAipgk3iQ== Completed in 11ms
499 timing metavuln:cache:put:security-advisory:@eslint/config-array:iswiKp5um/RTDbRwoLwTd6GOZwXgC1BLG6b1m/LIkBZsuw7EY4rvdz8xyhDm8cJ03tRn/L6ikTK/1eH08Dntjg== Completed in 27ms
500 timing metavuln:calculate:security-advisory:@eslint/config-array:V/3cIcyAQcG1bwuH0e0PI9Qt5WRtbvb/WOz2mBxAfNzXf+Dvs9G1X05eHjnPq2b0TJY4zXXpqhCAkRAipgk3iQ== Completed in 33ms
501 timing metavuln:cache:put:security-advisory:@eslint/eslintrc:ekjU9xvLMIGZ60VAS3cJiXhpLVygLLVhrX5j5gbU96muSnaowg56B//Z2ieRbqnSyEhXO09OAWrrIfGViIVogQ== Completed in 27ms
502 timing metavuln:calculate:security-advisory:@eslint/eslintrc:V/3cIcyAQcG1bwuH0e0PI9Qt5WRtbvb/WOz2mBxAfNzXf+Dvs9G1X05eHjnPq2b0TJY4zXXpqhCAkRAipgk3iQ== Completed in 33ms
503 timing metavuln:cache:put:security-advisory:eslint:ev5azc2U50vUYTqLo2/jaU7l8ps6Yvlqzkyp5OLr37QKqPK3+eCnjR+sureWWgBbnj1subBH7GupBmACDEZ2Mw== Completed in 16ms
504 timing metavuln:calculate:security-advisory:eslint:V/3cIcyAQcG1bwuH0e0PI9Qt5WRtbvb/WOz2mBxAfNzXf+Dvs9G1X05eHjnPq2b0TJY4zXXpqhCAkRAipgk3iQ== Completed in 34ms
505 timing metavuln:packument:fdir Completed in 1ms
506 timing metavuln:packument:tinyglobby Completed in 0ms
507 timing metavuln:cache:get:security-advisory:fdir:I7IZptQLXjhZ5TVjlLB1vJ5JfgkV8HlzAFySNm0W8XK7Klvz8UNk59CjMAZ1uqS4G0ttvhpXbZB8RE9vuO4PCA== Completed in 1ms
508 timing metavuln:load:security-advisory:fdir:2VXNT0aF/Oc+aljqzVZL+y7UYoRsun3f1sCqjauwt4R4X9DizyqvONZbNtH8U58EY1DnyPNR0Ul3cX6UkEWNqw== Completed in 2ms
509 timing metavuln:cache:get:security-advisory:tinyglobby:JbTUSH3GuHgnWPTwynmNc2XBjGvJ1kBIVuOXAIcVt2zAN9JAmGoGXkmSGRzahtsyELbqgzBAd3ywFXmJPwH9Ww== Completed in 2ms
510 timing metavuln:load:security-advisory:tinyglobby:2VXNT0aF/Oc+aljqzVZL+y7UYoRsun3f1sCqjauwt4R4X9DizyqvONZbNtH8U58EY1DnyPNR0Ul3cX6UkEWNqw== Completed in 2ms
511 timing metavuln:cache:get:security-advisory:vite:1896PJFhctaSbXSFkEmazuMCQQkA1nbz5DrxHDHtiKB4X99Asbm7y1ZTlIkL5R9pEs7YC6gvIQ2ChVd58pkhtw== Completed in 4ms
512 timing metavuln:load:security-advisory:vite:2VXNT0aF/Oc+aljqzVZL+y7UYoRsun3f1sCqjauwt4R4X9DizyqvONZbNtH8U58EY1DnyPNR0Ul3cX6UkEWNqw== Completed in 14ms
513 timing metavuln:cache:put:security-advisory:fdir:I7IZptQLXjhZ5TVjlLB1vJ5JfgkV8HlzAFySNm0W8XK7Klvz8UNk59CjMAZ1uqS4G0ttvhpXbZB8RE9vuO4PCA== Completed in 29ms
514 timing metavuln:calculate:security-advisory:fdir:2VXNT0aF/Oc+aljqzVZL+y7UYoRsun3f1sCqjauwt4R4X9DizyqvONZbNtH8U58EY1DnyPNR0Ul3cX6UkEWNqw== Completed in 32ms
515 timing metavuln:cache:put:security-advisory:tinyglobby:JbTUSH3GuHgnWPTwynmNc2XBjGvJ1kBIVuOXAIcVt2zAN9JAmGoGXkmSGRzahtsyELbqgzBAd3ywFXmJPwH9Ww== Completed in 29ms
516 timing metavuln:calculate:security-advisory:tinyglobby:2VXNT0aF/Oc+aljqzVZL+y7UYoRsun3f1sCqjauwt4R4X9DizyqvONZbNtH8U58EY1DnyPNR0Ul3cX6UkEWNqw== Completed in 34ms
517 timing metavuln:cache:put:security-advisory:vite:1896PJFhctaSbXSFkEmazuMCQQkA1nbz5DrxHDHtiKB4X99Asbm7y1ZTlIkL5R9pEs7YC6gvIQ2ChVd58pkhtw== Completed in 15ms
518 timing metavuln:calculate:security-advisory:vite:2VXNT0aF/Oc+aljqzVZL+y7UYoRsun3f1sCqjauwt4R4X9DizyqvONZbNtH8U58EY1DnyPNR0Ul3cX6UkEWNqw== Completed in 33ms
519 timing metavuln:cache:get:security-advisory:vite:anAQVIv9ku7SlSaOcqOIP5rn3R+PQqZRf2y4CHP3RuDjlGzMadSoRFi0ZZoT4by8hMtVpmy7xPCXBY2D5grCIA== Completed in 0ms
520 timing metavuln:load:security-advisory:vite:685RVq5xScaqegAXk2BRJrsMaZmsz1d/volUoA67iVw3AvHhUlX03u+VPRrmo8iuObcSDvuZF+fuiOnLC9L1uA== Completed in 94ms
521 timing metavuln:cache:put:security-advisory:vite:anAQVIv9ku7SlSaOcqOIP5rn3R+PQqZRf2y4CHP3RuDjlGzMadSoRFi0ZZoT4by8hMtVpmy7xPCXBY2D5grCIA== Completed in 15ms
522 timing metavuln:calculate:security-advisory:vite:685RVq5xScaqegAXk2BRJrsMaZmsz1d/volUoA67iVw3AvHhUlX03u+VPRrmo8iuObcSDvuZF+fuiOnLC9L1uA== Completed in 110ms
523 timing metavuln:packument:react-router-dom Completed in 0ms
524 timing metavuln:cache:get:security-advisory:react-router-dom:ngBAMbRWHk/2+e+qEAN9nDCxcjzbqZgkWlxZslUmZLdmbEiEEWEEuUISuL8Ewyyjmg7bESqSPIrG2Si5S7dOJA== Completed in 1ms
525 timing metavuln:load:security-advisory:react-router-dom:LL/m6KQnMVH198UOSw04JpHxqJ4/ZhjExD0c/Huo6Fmskdm1ZfZJ879lKoThHmVkLX7jfV+Xn5a2Bn2h7bM+tA== Completed in 766ms
526 http fetch GET 200 https://registry.npmjs.org/p-limit/-/p-limit-3.1.0.tgz 16325ms (cache miss)
527 http fetch GET 200 https://registry.npmjs.org/parent-module/-/parent-module-1.0.1.tgz 16324ms (cache miss)
528 http fetch GET 200 https://registry.npmjs.org/ms/-/ms-2.1.3.tgz 15927ms (cache miss)
529 http fetch GET 200 https://registry.npmjs.org/nanoid/-/nanoid-3.3.11.tgz 15924ms (cache miss)
530 http fetch GET 200 https://registry.npmjs.org/minizlib/-/minizlib-3.1.0.tgz 15933ms (cache miss)
531 http fetch GET 200 https://registry.npmjs.org/node-releases/-/node-releases-2.0.23.tgz 16333ms (cache miss)
532 http fetch GET 200 https://registry.npmjs.org/natural-compare/-/natural-compare-1.4.0.tgz 16342ms (cache miss)
533 timing metavuln:cache:put:security-advisory:react-router-dom:ngBAMbRWHk/2+e+qEAN9nDCxcjzbqZgkWlxZslUmZLdmbEiEEWEEuUISuL8Ewyyjmg7bESqSPIrG2Si5S7dOJA== Completed in 99ms
534 timing metavuln:calculate:security-advisory:react-router-dom:LL/m6KQnMVH198UOSw04JpHxqJ4/ZhjExD0c/Huo6Fmskdm1ZfZJ879lKoThHmVkLX7jfV+Xn5a2Bn2h7bM+tA== Completed in 866ms
535 http fetch GET 200 https://registry.npmjs.org/optionator/-/optionator-0.9.4.tgz 16352ms (cache miss)
536 http fetch GET 200 https://registry.npmjs.org/minipass/-/minipass-7.1.2.tgz 15517ms (cache miss)
537 timing metavuln:cache:get:security-advisory:vite:SaJWDd5gEEZd3lHg31QWzLWgMkCzYHn5RvntQLmOGssdx9DgqFp1CHRkx1q//bJjITqFeBtPANooZCY8TRvk8g== Completed in 13ms
538 timing metavuln:load:security-advisory:vite:j57+QiunRUdD0cUD+SOC+z9ahAKAX/ORqNrS8xn5EMmMoVNjDT6jDQ8+1zJZRvVKgeAjbBSmjAgyimjwq9Hhfg== Completed in 125ms
539 http fetch GET 200 https://registry.npmjs.org/lru-cache/-/lru-cache-5.1.1.tgz 15614ms (cache miss)
540 http fetch GET 200 https://registry.npmjs.org/minimatch/-/minimatch-3.1.2.tgz 15509ms (cache miss)
541 http fetch GET 200 https://registry.npmjs.org/postcss/-/postcss-8.5.6.tgz 17050ms (cache miss)
542 timing reifyNode:node_modules/parent-module Completed in 23919ms
543 timing reifyNode:node_modules/p-limit Completed in 23920ms
544 timing reifyNode:node_modules/natural-compare Completed in 23934ms
545 timing reifyNode:node_modules/ms Completed in 23934ms
546 timing reifyNode:node_modules/node-releases Completed in 23942ms
547 timing reifyNode:node_modules/lru-cache Completed in 23951ms
548 timing reifyNode:node_modules/minimatch Completed in 23955ms
549 timing reifyNode:node_modules/optionator Completed in 23966ms
550 timing metavuln:cache:put:security-advisory:vite:SaJWDd5gEEZd3lHg31QWzLWgMkCzYHn5RvntQLmOGssdx9DgqFp1CHRkx1q//bJjITqFeBtPANooZCY8TRvk8g== Completed in 118ms
551 timing metavuln:calculate:security-advisory:vite:j57+QiunRUdD0cUD+SOC+z9ahAKAX/ORqNrS8xn5EMmMoVNjDT6jDQ8+1zJZRvVKgeAjbBSmjAgyimjwq9Hhfg== Completed in 256ms
552 timing metavuln:packument:@tailwindcss/oxide Completed in 1ms
553 http fetch GET 200 https://registry.npmjs.org/locate-path/-/locate-path-6.0.0.tgz 15325ms (cache miss)
554 timing metavuln:cache:get:security-advisory:@tailwindcss/oxide:gXf7YVtOX9pUYDKcSETXM+JiqSdrXz5Nre6tmgNFzC6vUNyWu7R4OPEEFAzwF9QVMcRD173pS8nhfSGcomwrkw== Completed in 4ms
555 timing metavuln:load:security-advisory:@tailwindcss/oxide:yTPyur4X3lE39v7zdkE15v05LuZzee3Nh2S9FBJ4PraCijRulUq0MlWeW5nvqHC+T3FKxfh/RgcTEGjH+N98dA== Completed in 79ms
556 http fetch GET 200 https://registry.npmjs.org/lodash.merge/-/lodash.merge-4.6.2.tgz 15423ms (cache miss)
557 http fetch GET 200 https://registry.npmjs.org/levn/-/levn-0.4.1.tgz 15053ms (cache miss)
558 http fetch GET 200 https://registry.npmjs.org/json-stable-stringify-without-jsonify/-/json-stable-stringify-without-jsonify-1.0.1.tgz 14692ms (cache miss)
559 http fetch GET 200 https://registry.npmjs.org/json-schema-traverse/-/json-schema-traverse-0.4.1.tgz 14029ms (cache miss)
560 http fetch GET 200 https://registry.npmjs.org/react-refresh/-/react-refresh-0.17.0.tgz 14785ms (cache miss)
561 http fetch GET 200 https://registry.npmjs.org/keyv/-/keyv-4.5.4.tgz 15048ms (cache miss)
562 timing reifyNode:node_modules/locate-path Completed in 24091ms
563 timing reifyNode:node_modules/lodash.merge Completed in 24101ms
564 timing reifyNode:node_modules/levn Completed in 24120ms
565 timing metavuln:cache:put:security-advisory:@tailwindcss/oxide:gXf7YVtOX9pUYDKcSETXM+JiqSdrXz5Nre6tmgNFzC6vUNyWu7R4OPEEFAzwF9QVMcRD173pS8nhfSGcomwrkw== Completed in 91ms
566 timing metavuln:calculate:security-advisory:@tailwindcss/oxide:yTPyur4X3lE39v7zdkE15v05LuZzee3Nh2S9FBJ4PraCijRulUq0MlWeW5nvqHC+T3FKxfh/RgcTEGjH+N98dA== Completed in 174ms
567 timing metavuln:packument:@tailwindcss/vite Completed in 0ms
568 timing metavuln:packument:@vitejs/plugin-react Completed in 0ms
569 timing reifyNode:node_modules/keyv Completed in 24156ms
570 timing metavuln:cache:get:security-advisory:@tailwindcss/vite:GwOC3sJuJCmalZ+Qn5kyLcpP+xLtR6uengNlRCzuooI9K9wQacRGbxpqoHkRnmaFE7ldWHPXidoFIMfxnu7YZw== Completed in 12ms
571 timing metavuln:load:security-advisory:@tailwindcss/vite:YKZN1cuK0pxcyIP3QXJZO734e2Qjk40j3+OYQl4HmvWqf3wNiu52G0d2+mIMZQml5XDCaqy2lJgHKYY4I1XsHQ== Completed in 105ms
572 timing metavuln:cache:get:security-advisory:@vitejs/plugin-react:9QIXid7vHYqWUbt9qv4qzy8uYLzUu2/GYyo7g5PoqY0qoBumK4m1C24BBOneHNSL9JQyFbTyEKGklQD2llvhSg== Completed in 116ms
573 timing metavuln:load:security-advisory:@vitejs/plugin-react:YKZN1cuK0pxcyIP3QXJZO734e2Qjk40j3+OYQl4HmvWqf3wNiu52G0d2+mIMZQml5XDCaqy2lJgHKYY4I1XsHQ== Completed in 33ms
574 http fetch GET 200 https://registry.npmjs.org/scheduler/-/scheduler-0.27.0.tgz 14281ms (cache miss)
575 timing reifyNode:node_modules/react-refresh Completed in 24386ms
576 http fetch GET 200 https://registry.npmjs.org/magic-string/-/magic-string-0.30.19.tgz 16192ms (cache miss)
577 http fetch GET 200 https://registry.npmjs.org/json-buffer/-/json-buffer-3.0.1.tgz 14275ms (cache miss)
578 timing reifyNode:node_modules/json-schema-traverse Completed in 24397ms
579 timing metavuln:cache:put:security-advisory:@tailwindcss/vite:GwOC3sJuJCmalZ+Qn5kyLcpP+xLtR6uengNlRCzuooI9K9wQacRGbxpqoHkRnmaFE7ldWHPXidoFIMfxnu7YZw== Completed in 138ms
580 timing metavuln:calculate:security-advisory:@tailwindcss/vite:YKZN1cuK0pxcyIP3QXJZO734e2Qjk40j3+OYQl4HmvWqf3wNiu52G0d2+mIMZQml5XDCaqy2lJgHKYY4I1XsHQ== Completed in 255ms
581 timing metavuln:cache:put:security-advisory:@vitejs/plugin-react:9QIXid7vHYqWUbt9qv4qzy8uYLzUu2/GYyo7g5PoqY0qoBumK4m1C24BBOneHNSL9JQyFbTyEKGklQD2llvhSg== Completed in 106ms
582 timing metavuln:calculate:security-advisory:@vitejs/plugin-react:YKZN1cuK0pxcyIP3QXJZO734e2Qjk40j3+OYQl4HmvWqf3wNiu52G0d2+mIMZQml5XDCaqy2lJgHKYY4I1XsHQ== Completed in 256ms
583 timing auditReport:init Completed in 22358ms
584 timing reify:audit Completed in 24432ms
585 http fetch GET 200 https://registry.npmjs.org/react/-/react-19.2.0.tgz 13447ms (cache miss)
586 http fetch GET 200 https://registry.npmjs.org/react-is/-/react-is-19.2.0.tgz 13432ms (cache miss)
587 http fetch GET 200 https://registry.npmjs.org/jsesc/-/jsesc-3.1.0.tgz 13832ms (cache miss)
588 timing reifyNode:node_modules/minipass Completed in 24427ms
589 timing reifyNode:node_modules/json-buffer Completed in 24427ms
590 timing reifyNode:node_modules/magic-string Completed in 24429ms
591 timing reifyNode:node_modules/react-is Completed in 24436ms
592 timing reifyNode:node_modules/jsesc Completed in 24444ms
593 timing reifyNode:node_modules/postcss Completed in 24465ms
594 timing reifyNode:node_modules/json-stable-stringify-without-jsonify Completed in 24468ms
595 timing reifyNode:node_modules/minizlib Completed in 24498ms
596 timing reifyNode:node_modules/nanoid Completed in 24523ms
597 timing reifyNode:node_modules/scheduler Completed in 24530ms
598 http fetch GET 200 https://registry.npmjs.org/lightningcss/-/lightningcss-1.30.1.tgz 15537ms (cache miss)
599 timing reifyNode:node_modules/lightningcss Completed in 24586ms
600 http fetch GET 200 https://registry.npmjs.org/vite/-/vite-7.1.9.tgz 20128ms (cache miss)
601 http fetch GET 200 https://registry.npmjs.org/json5/-/json5-2.2.3.tgz 15573ms (cache miss)
602 timing reifyNode:node_modules/vite Completed in 24633ms
603 timing reifyNode:node_modules/json5 Completed in 24635ms
604 http fetch GET 200 https://registry.npmjs.org/isexe/-/isexe-2.0.0.tgz 13396ms (cache miss)
605 timing reifyNode:node_modules/react Completed in 24677ms
606 timing reifyNode:node_modules/isexe Completed in 24683ms
607 http fetch GET 200 https://registry.npmjs.org/js-yaml/-/js-yaml-4.1.0.tgz 13465ms (cache miss)
608 timing reifyNode:node_modules/js-yaml Completed in 24718ms
609 http fetch GET 200 https://registry.npmjs.org/rollup/-/rollup-4.52.4.tgz 16055ms (cache miss)
610 timing reifyNode:node_modules/rollup Completed in 24775ms
611 http fetch GET 200 https://registry.npmjs.org/is-extglob/-/is-extglob-2.1.1.tgz 13526ms (cache miss)
612 http fetch GET 200 https://registry.npmjs.org/is-glob/-/is-glob-4.0.3.tgz 13548ms (cache miss)
613 timing reifyNode:node_modules/is-extglob Completed in 24839ms
614 timing reifyNode:node_modules/is-glob Completed in 24840ms
615 http fetch GET 200 https://registry.npmjs.org/import-fresh/-/import-fresh-3.3.1.tgz 13476ms (cache miss)
616 http fetch GET 200 https://registry.npmjs.org/internmap/-/internmap-2.0.3.tgz 13484ms (cache miss)
617 timing reifyNode:node_modules/import-fresh Completed in 24879ms
618 timing reifyNode:node_modules/internmap Completed in 24881ms
619 http fetch GET 200 https://registry.npmjs.org/react-router/-/react-router-7.9.4.tgz 17711ms (cache miss)
620 timing reifyNode:node_modules/react-router Completed in 24909ms
621 http fetch GET 200 https://registry.npmjs.org/has-flag/-/has-flag-4.0.0.tgz 12980ms (cache miss)
622 http fetch GET 200 https://registry.npmjs.org/ignore/-/ignore-5.3.2.tgz 13487ms (cache miss)
623 timing reifyNode:node_modules/has-flag Completed in 25279ms
624 timing reifyNode:node_modules/ignore Completed in 25282ms
625 http fetch GET 200 https://registry.npmjs.org/graceful-fs/-/graceful-fs-4.2.11.tgz 13199ms (cache miss)
626 timing reifyNode:node_modules/graceful-fs Completed in 25499ms
627 http fetch GET 200 https://registry.npmjs.org/immer/-/immer-10.1.3.tgz 13544ms (cache miss)
628 timing reifyNode:node_modules/immer Completed in 25504ms
629 http fetch GET 200 https://registry.npmjs.org/globals/-/globals-16.4.0.tgz 13138ms (cache miss)
630 http fetch GET 200 https://registry.npmjs.org/js-tokens/-/js-tokens-4.0.0.tgz 14391ms (cache miss)
631 http fetch GET 200 https://registry.npmjs.org/glob-parent/-/glob-parent-6.0.2.tgz 13180ms (cache miss)
632 timing reifyNode:node_modules/js-tokens Completed in 25681ms
633 timing reifyNode:node_modules/glob-parent Completed in 25688ms
634 http fetch GET 200 https://registry.npmjs.org/flat-cache/-/flat-cache-4.0.1.tgz 13143ms (cache miss)
635 http fetch GET 200 https://registry.npmjs.org/goober/-/goober-2.1.18.tgz 13277ms (cache miss)
636 timing reifyNode:node_modules/globals Completed in 25700ms
637 http fetch GET 200 https://registry.npmjs.org/jiti/-/jiti-2.6.1.tgz 14379ms (cache miss)
638 timing reifyNode:node_modules/flat-cache Completed in 25704ms
639 timing reifyNode:node_modules/jiti Completed in 25709ms
640 http fetch GET 200 https://registry.npmjs.org/find-up/-/find-up-5.0.0.tgz 13258ms (cache miss)
641 http fetch GET 200 https://registry.npmjs.org/flatted/-/flatted-3.3.3.tgz 13105ms (cache miss)
642 http fetch GET 200 https://registry.npmjs.org/fdir/-/fdir-6.5.0.tgz 13097ms (cache miss)
643 timing reifyNode:node_modules/find-up Completed in 25827ms
644 http fetch GET 200 https://registry.npmjs.org/imurmurhash/-/imurmurhash-0.1.4.tgz 14317ms (cache miss)
645 http fetch GET 200 https://registry.npmjs.org/file-entry-cache/-/file-entry-cache-8.0.0.tgz 13114ms (cache miss)
646 timing reifyNode:node_modules/fdir Completed in 25838ms
647 timing reifyNode:node_modules/imurmurhash Completed in 25843ms
648 timing reifyNode:node_modules/file-entry-cache Completed in 25843ms
649 timing reifyNode:node_modules/flatted Completed in 25865ms
650 timing reifyNode:node_modules/goober Completed in 25874ms
651 http fetch GET 200 https://registry.npmjs.org/fast-deep-equal/-/fast-deep-equal-3.1.3.tgz 13035ms (cache miss)
652 http fetch GET 200 https://registry.npmjs.org/fast-json-stable-stringify/-/fast-json-stable-stringify-2.1.0.tgz 13057ms (cache miss)
653 http fetch GET 200 https://registry.npmjs.org/estraverse/-/estraverse-5.3.0.tgz 13019ms (cache miss)
654 http fetch GET 200 https://registry.npmjs.org/fast-levenshtein/-/fast-levenshtein-2.0.6.tgz 13395ms (cache miss)
655 http fetch GET 200 https://registry.npmjs.org/esutils/-/esutils-2.0.3.tgz 13034ms (cache miss)
656 http fetch GET 200 https://registry.npmjs.org/esrecurse/-/esrecurse-4.3.0.tgz 13033ms (cache miss)
657 http fetch GET 200 https://registry.npmjs.org/eventemitter3/-/eventemitter3-5.0.1.tgz 13032ms (cache miss)
658 http fetch GET 200 https://registry.npmjs.org/gensync/-/gensync-1.0.0-beta.2.tgz 13019ms (cache miss)
659 http fetch GET 200 https://registry.npmjs.org/espree/-/espree-10.4.0.tgz 12997ms (cache miss)
660 timing reifyNode:node_modules/esrecurse Completed in 26147ms
661 timing reifyNode:node_modules/fast-levenshtein Completed in 26150ms
662 timing reifyNode:node_modules/estraverse Completed in 26151ms
663 timing reifyNode:node_modules/gensync Completed in 26160ms
664 timing reifyNode:node_modules/esutils Completed in 26167ms
665 timing reifyNode:node_modules/fast-deep-equal Completed in 26180ms
666 timing reifyNode:node_modules/espree Completed in 26184ms
667 timing reifyNode:node_modules/eventemitter3 Completed in 26187ms
668 timing reifyNode:node_modules/fast-json-stable-stringify Completed in 26198ms
669 http fetch GET 200 https://registry.npmjs.org/esquery/-/esquery-1.6.0.tgz 13110ms (cache miss)
670 timing reifyNode:node_modules/esquery Completed in 26226ms
671 http fetch GET 200 https://registry.npmjs.org/escape-string-regexp/-/escape-string-regexp-4.0.0.tgz 12877ms (cache miss)
672 http fetch GET 200 https://registry.npmjs.org/eslint-plugin-react-refresh/-/eslint-plugin-react-refresh-0.4.23.tgz 13328ms (cache miss)
673 http fetch GET 200 https://registry.npmjs.org/debug/-/debug-4.4.3.tgz 12646ms (cache miss)
674 http fetch GET 200 https://registry.npmjs.org/escalade/-/escalade-3.2.0.tgz 12605ms (cache miss)
675 http fetch GET 200 https://registry.npmjs.org/deep-is/-/deep-is-0.1.4.tgz 12883ms (cache miss)
676 http fetch GET 200 https://registry.npmjs.org/eslint-visitor-keys/-/eslint-visitor-keys-4.2.1.tgz 13361ms (cache miss)
677 http fetch GET 200 https://registry.npmjs.org/d3-timer/-/d3-timer-3.0.1.tgz 12654ms (cache miss)
678 http fetch GET 200 https://registry.npmjs.org/enhanced-resolve/-/enhanced-resolve-5.18.3.tgz 12621ms (cache miss)
679 timing reifyNode:node_modules/escape-string-regexp Completed in 26520ms
680 timing reifyNode:node_modules/eslint-plugin-react-refresh Completed in 26524ms
681 timing reifyNode:node_modules/debug Completed in 26535ms
682 timing reifyNode:node_modules/deep-is Completed in 26540ms
683 timing reifyNode:node_modules/eslint-visitor-keys Completed in 26543ms
684 timing reifyNode:node_modules/d3-timer Completed in 26543ms
685 http fetch GET 200 https://registry.npmjs.org/eslint-scope/-/eslint-scope-8.4.0.tgz 13411ms (cache miss)
686 timing reifyNode:node_modules/escalade Completed in 26549ms
687 http fetch GET 200 https://registry.npmjs.org/decimal.js-light/-/decimal.js-light-2.5.1.tgz 12866ms (cache miss)
688 timing reifyNode:node_modules/eslint-scope Completed in 26554ms
689 timing reifyNode:node_modules/decimal.js-light Completed in 26558ms
690 timing reifyNode:node_modules/enhanced-resolve Completed in 26625ms
691 http fetch GET 200 https://registry.npmjs.org/detect-libc/-/detect-libc-2.1.2.tgz 13051ms (cache miss)
692 timing reifyNode:node_modules/detect-libc Completed in 26966ms
693 http fetch GET 200 https://registry.npmjs.org/d3-time/-/d3-time-3.1.0.tgz 12901ms (cache miss)
694 http fetch GET 200 https://registry.npmjs.org/d3-time-format/-/d3-time-format-4.1.0.tgz 12962ms (cache miss)
695 http fetch GET 200 https://registry.npmjs.org/d3-scale/-/d3-scale-4.0.2.tgz 12511ms (cache miss)
696 http fetch GET 200 https://registry.npmjs.org/cross-spawn/-/cross-spawn-7.0.6.tgz 12490ms (cache miss)
697 timing reifyNode:node_modules/cross-spawn Completed in 27219ms
698 timing reifyNode:node_modules/d3-time Completed in 27223ms
699 http fetch GET 200 https://registry.npmjs.org/react-dom/-/react-dom-19.2.0.tgz 16241ms (cache miss)
700 timing reifyNode:node_modules/react-dom Completed in 27265ms
701 timing reifyNode:node_modules/d3-scale Completed in 27274ms
702 http fetch GET 200 https://registry.npmjs.org/tailwindcss/-/tailwindcss-4.1.14.tgz 12620ms (cache miss)
703 timing reifyNode:node_modules/d3-time-format Completed in 27302ms
704 timing reifyNode:node_modules/tailwindcss Completed in 27314ms
705 http fetch GET 200 https://registry.npmjs.org/eslint/-/eslint-9.37.0.tgz 13781ms (cache miss)
706 timing reifyNode:node_modules/eslint Completed in 27357ms
707 http fetch GET 200 https://registry.npmjs.org/esbuild/-/esbuild-0.25.10.tgz 12678ms (cache miss)
708 timing reifyNode:node_modules/esbuild Completed in 27369ms
709 http fetch GET 200 https://registry.npmjs.org/d3-shape/-/d3-shape-3.2.0.tgz 13297ms (cache miss)
710 timing reifyNode:node_modules/d3-shape Completed in 27522ms
711 http fetch GET 200 https://registry.npmjs.org/d3-path/-/d3-path-3.1.0.tgz 13031ms (cache miss)
712 timing reifyNode:node_modules/d3-path Completed in 27746ms
713 http fetch GET 200 https://registry.npmjs.org/d3-interpolate/-/d3-interpolate-3.0.1.tgz 13333ms (cache miss)
714 timing reifyNode:node_modules/d3-interpolate Completed in 28047ms
715 http fetch GET 200 https://registry.npmjs.org/d3-color/-/d3-color-3.1.0.tgz 13345ms (cache miss)
716 timing reifyNode:node_modules/d3-color Completed in 28062ms
717 http fetch GET 200 https://registry.npmjs.org/convert-source-map/-/convert-source-map-2.0.0.tgz 13102ms (cache miss)
718 timing reifyNode:node_modules/convert-source-map Completed in 28090ms
719 http fetch GET 200 https://registry.npmjs.org/d3-ease/-/d3-ease-3.0.1.tgz 13150ms (cache miss)
720 timing reifyNode:node_modules/d3-ease Completed in 28137ms
721 http fetch GET 200 https://registry.npmjs.org/cookie/-/cookie-1.0.2.tgz 13259ms (cache miss)
722 http fetch GET 200 https://registry.npmjs.org/d3-format/-/d3-format-3.1.0.tgz 13256ms (cache miss)
723 timing reifyNode:node_modules/cookie Completed in 28254ms
724 http fetch GET 200 https://registry.npmjs.org/d3-array/-/d3-array-3.2.4.tgz 13609ms (cache miss)
725 timing reifyNode:node_modules/d3-array Completed in 28331ms
726 timing reifyNode:node_modules/d3-format Completed in 28348ms
727 http fetch GET 200 https://registry.npmjs.org/concat-map/-/concat-map-0.0.1.tgz 13587ms (cache miss)
728 timing reifyNode:node_modules/concat-map Completed in 28677ms
729 http fetch GET 200 https://registry.npmjs.org/eslint-plugin-react-hooks/-/eslint-plugin-react-hooks-5.2.0.tgz 13730ms (cache miss)
730 timing reifyNode:node_modules/eslint-plugin-react-hooks Completed in 28776ms
731 http fetch GET 200 https://registry.npmjs.org/callsites/-/callsites-3.1.0.tgz 13758ms (cache miss)
732 timing reifyNode:node_modules/callsites Completed in 28848ms
733 http fetch GET 200 https://registry.npmjs.org/chownr/-/chownr-3.0.0.tgz 13781ms (cache miss)
734 http fetch GET 200 https://registry.npmjs.org/color-name/-/color-name-1.1.4.tgz 13783ms (cache miss)
735 timing reifyNode:node_modules/color-name Completed in 28877ms
736 timing reifyNode:node_modules/chownr Completed in 28886ms
737 http fetch GET 200 https://registry.npmjs.org/clsx/-/clsx-2.1.1.tgz 13947ms (cache miss)
738 http fetch GET 200 https://registry.npmjs.org/chalk/-/chalk-4.1.2.tgz 13946ms (cache miss)
739 http fetch GET 200 https://registry.npmjs.org/argparse/-/argparse-2.0.1.tgz 13683ms (cache miss)
740 timing reifyNode:node_modules/clsx Completed in 29060ms
741 timing reifyNode:node_modules/chalk Completed in 29059ms
742 timing reifyNode:node_modules/argparse Completed in 29061ms
743 http fetch GET 200 https://registry.npmjs.org/balanced-match/-/balanced-match-1.0.2.tgz 13703ms (cache miss)
744 timing reifyNode:node_modules/balanced-match Completed in 29135ms
745 http fetch GET 200 https://registry.npmjs.org/ansi-styles/-/ansi-styles-4.3.0.tgz 13759ms (cache miss)
746 timing reifyNode:node_modules/ansi-styles Completed in 29198ms
747 http fetch GET 200 https://registry.npmjs.org/brace-expansion/-/brace-expansion-1.1.12.tgz 13720ms (cache miss)
748 http fetch GET 200 https://registry.npmjs.org/acorn-jsx/-/acorn-jsx-5.3.2.tgz 13773ms (cache miss)
749 timing reifyNode:node_modules/brace-expansion Completed in 29245ms
750 timing reifyNode:node_modules/acorn-jsx Completed in 29247ms
751 http fetch GET 200 https://registry.npmjs.org/recharts/-/recharts-3.2.1.tgz 24535ms (cache miss)
752 timing reifyNode:node_modules/recharts Completed in 29277ms
753 http fetch GET 200 https://registry.npmjs.org/baseline-browser-mapping/-/baseline-browser-mapping-2.8.16.tgz 13974ms (cache miss)
754 timing reifyNode:node_modules/baseline-browser-mapping Completed in 29423ms
755 http fetch GET 200 https://registry.npmjs.org/browserslist/-/browserslist-4.26.3.tgz 14006ms (cache miss)
756 timing reifyNode:node_modules/browserslist Completed in 29541ms
757 http fetch GET 200 https://registry.npmjs.org/@types/use-sync-external-store/-/use-sync-external-store-0.0.6.tgz 13805ms (cache miss)
758 timing reifyNode:node_modules/@types/use-sync-external-store Completed in 29564ms
759 http fetch GET 200 https://registry.npmjs.org/color-convert/-/color-convert-2.0.1.tgz 14490ms (cache miss)
760 http fetch GET 200 https://registry.npmjs.org/@types/estree/-/estree-1.0.8.tgz 13663ms (cache miss)
761 timing reifyNode:node_modules/@types/estree Completed in 29589ms
762 timing reifyNode:node_modules/color-convert Completed in 29591ms
763 http fetch GET 200 https://registry.npmjs.org/@types/json-schema/-/json-schema-7.0.15.tgz 13742ms (cache miss)
764 timing reifyNode:node_modules/@types/json-schema Completed in 29649ms
765 http fetch GET 200 https://registry.npmjs.org/@types/d3-time/-/d3-time-3.0.4.tgz 13829ms (cache miss)
766 timing reifyNode:node_modules/@types/d3-time Completed in 29777ms
767 http fetch GET 200 https://registry.npmjs.org/acorn/-/acorn-8.15.0.tgz 14229ms (cache miss)
768 timing reifyNode:node_modules/acorn Completed in 29803ms
769 http fetch GET 200 https://registry.npmjs.org/@types/d3-shape/-/d3-shape-3.1.7.tgz 13693ms (cache miss)
770 timing reifyNode:node_modules/@types/d3-shape Completed in 29810ms
771 http fetch GET 200 https://registry.npmjs.org/csstype/-/csstype-3.1.3.tgz 14895ms (cache miss)
772 timing reifyNode:node_modules/csstype Completed in 29898ms
773 http fetch GET 200 https://registry.npmjs.org/@vitejs/plugin-react/-/plugin-react-5.0.4.tgz 14259ms (cache miss)
774 timing reifyNode:node_modules/@vitejs/plugin-react Completed in 29984ms
775 http fetch GET 200 https://registry.npmjs.org/@types/d3-path/-/d3-path-3.1.1.tgz 13994ms (cache miss)
776 timing reifyNode:node_modules/@types/d3-path Completed in 30160ms
777 http fetch GET 200 https://registry.npmjs.org/@types/d3-color/-/d3-color-3.1.3.tgz 13996ms (cache miss)
778 timing reifyNode:node_modules/@types/d3-color Completed in 30170ms
779 http fetch GET 200 https://registry.npmjs.org/es-toolkit/-/es-toolkit-1.40.0.tgz 15833ms (cache miss)
780 http fetch GET 200 https://registry.npmjs.org/@types/d3-interpolate/-/d3-interpolate-3.0.4.tgz 14048ms (cache miss)
781 timing reifyNode:node_modules/@types/d3-interpolate Completed in 30216ms
782 http fetch GET 200 https://registry.npmjs.org/@types/react/-/react-19.2.2.tgz 14156ms (cache miss)
783 timing reifyNode:node_modules/@types/react Completed in 30284ms
784 timing reifyNode:node_modules/es-toolkit Completed in 30322ms
785 http fetch GET 200 https://registry.npmjs.org/@types/react-dom/-/react-dom-19.2.1.tgz 14186ms (cache miss)
786 timing reifyNode:node_modules/@types/react-dom Completed in 30350ms
787 http fetch GET 200 https://registry.npmjs.org/@types/d3-timer/-/d3-timer-3.0.2.tgz 14231ms (cache miss)
788 http fetch GET 200 https://registry.npmjs.org/@types/d3-scale/-/d3-scale-4.0.9.tgz 14237ms (cache miss)
789 http fetch GET 200 https://registry.npmjs.org/@types/babel__generator/-/babel__generator-7.27.0.tgz 14053ms (cache miss)
790 http fetch GET 200 https://registry.npmjs.org/@types/babel__template/-/babel__template-7.4.4.tgz 14057ms (cache miss)
791 http fetch GET 200 https://registry.npmjs.org/@types/d3-ease/-/d3-ease-3.0.2.tgz 14235ms (cache miss)
792 timing reifyNode:node_modules/@types/d3-timer Completed in 30547ms
793 timing reifyNode:node_modules/@types/babel__template Completed in 30547ms
794 timing reifyNode:node_modules/@types/babel__generator Completed in 30548ms
795 timing reifyNode:node_modules/@types/d3-ease Completed in 30548ms
796 timing reifyNode:node_modules/@types/d3-scale Completed in 30550ms
797 http fetch GET 200 https://registry.npmjs.org/@types/babel__core/-/babel__core-7.20.5.tgz 14097ms (cache miss)
798 http fetch GET 200 https://registry.npmjs.org/@standard-schema/utils/-/utils-0.3.0.tgz 14072ms (cache miss)
799 timing reifyNode:node_modules/@types/babel__core Completed in 30628ms
800 http fetch GET 200 https://registry.npmjs.org/@standard-schema/spec/-/spec-1.0.0.tgz 14073ms (cache miss)
801 timing reifyNode:node_modules/@standard-schema/utils Completed in 30630ms
802 timing reifyNode:node_modules/@standard-schema/spec Completed in 30640ms
803 http fetch GET 200 https://registry.npmjs.org/@types/d3-array/-/d3-array-3.2.2.tgz 14068ms (cache miss)
804 timing reifyNode:node_modules/@types/d3-array Completed in 30645ms
805 http fetch GET 200 https://registry.npmjs.org/ajv/-/ajv-6.12.6.tgz 15190ms (cache miss)
806 timing reifyNode:node_modules/ajv Completed in 30933ms
807 http fetch GET 200 https://registry.npmjs.org/@isaacs/fs-minipass/-/fs-minipass-4.0.1.tgz 13857ms (cache miss)
808 timing reifyNode:node_modules/@isaacs/fs-minipass Completed in 31097ms
809 http fetch GET 200 https://registry.npmjs.org/@jridgewell/trace-mapping/-/trace-mapping-0.3.31.tgz 14001ms (cache miss)
810 timing reifyNode:node_modules/@jridgewell/trace-mapping Completed in 31107ms
811 http fetch GET 200 https://registry.npmjs.org/@types/babel__traverse/-/babel__traverse-7.28.0.tgz 14934ms (cache miss)
812 timing reifyNode:node_modules/@types/babel__traverse Completed in 31112ms
813 http fetch GET 200 https://registry.npmjs.org/@jridgewell/sourcemap-codec/-/sourcemap-codec-1.5.5.tgz 14053ms (cache miss)
814 timing reifyNode:node_modules/@jridgewell/sourcemap-codec Completed in 31144ms
815 http fetch GET 200 https://registry.npmjs.org/@jridgewell/resolve-uri/-/resolve-uri-3.1.2.tgz 13922ms (cache miss)
816 timing reifyNode:node_modules/@jridgewell/resolve-uri Completed in 31148ms
817 http fetch GET 200 https://registry.npmjs.org/@jridgewell/remapping/-/remapping-2.3.5.tgz 14058ms (cache miss)
818 timing reifyNode:node_modules/@jridgewell/remapping Completed in 31323ms
819 http fetch GET 200 https://registry.npmjs.org/@tailwindcss/vite/-/vite-4.1.14.tgz 14557ms (cache miss)
820 timing reifyNode:node_modules/@tailwindcss/vite Completed in 31415ms
821 http fetch GET 200 https://registry.npmjs.org/@rolldown/pluginutils/-/pluginutils-1.0.0-beta.38.tgz 14465ms (cache miss)
822 timing reifyNode:node_modules/@rolldown/pluginutils Completed in 31455ms
823 http fetch GET 200 https://registry.npmjs.org/@tailwindcss/node/-/node-4.1.14.tgz 14568ms (cache miss)
824 timing reifyNode:node_modules/@tailwindcss/node Completed in 31460ms
825 http fetch GET 200 https://registry.npmjs.org/@jridgewell/gen-mapping/-/gen-mapping-0.3.13.tgz 14181ms (cache miss)
826 http fetch GET 200 https://registry.npmjs.org/@tailwindcss/oxide/-/oxide-4.1.14.tgz 14159ms (cache miss)
827 timing reifyNode:node_modules/@tailwindcss/oxide Completed in 31489ms
828 http fetch GET 200 https://registry.npmjs.org/@humanwhocodes/retry/-/retry-0.4.3.tgz 14144ms (cache miss)
829 http fetch GET 200 https://registry.npmjs.org/electron-to-chromium/-/electron-to-chromium-1.5.234.tgz 14182ms (cache miss)
830 timing reifyNode:node_modules/@jridgewell/gen-mapping Completed in 31538ms
831 timing reifyNode:node_modules/electron-to-chromium Completed in 31544ms
832 timing reifyNode:node_modules/@humanwhocodes/retry Completed in 31541ms
833 http fetch GET 200 https://registry.npmjs.org/@eslint/object-schema/-/object-schema-2.1.6.tgz 14101ms (cache miss)
834 http fetch GET 200 https://registry.npmjs.org/@humanfs/node/-/node-0.16.7.tgz 14154ms (cache miss)
835 http fetch GET 200 https://registry.npmjs.org/@humanfs/core/-/core-0.19.1.tgz 14130ms (cache miss)
836 http fetch GET 200 https://registry.npmjs.org/@humanwhocodes/module-importer/-/module-importer-1.0.1.tgz 14383ms (cache miss)
837 timing reifyNode:node_modules/@humanfs/node Completed in 31782ms
838 timing reifyNode:node_modules/@humanwhocodes/module-importer Completed in 31785ms
839 timing reifyNode:node_modules/@eslint/object-schema Completed in 31789ms
840 timing reifyNode:node_modules/@humanfs/core Completed in 31792ms
841 http fetch GET 200 https://registry.npmjs.org/@eslint/config-array/-/config-array-0.21.0.tgz 14115ms (cache miss)
842 timing reifyNode:node_modules/@eslint/config-array Completed in 31809ms
843 http fetch GET 200 https://registry.npmjs.org/@eslint/js/-/js-9.37.0.tgz 14227ms (cache miss)
844 timing reifyNode:node_modules/@eslint/js Completed in 31911ms
845 http fetch GET 200 https://registry.npmjs.org/@eslint/core/-/core-0.16.0.tgz 14463ms (cache miss)
846 timing reifyNode:node_modules/@eslint/core Completed in 32162ms
847 http fetch GET 200 https://registry.npmjs.org/@eslint/plugin-kit/-/plugin-kit-0.4.0.tgz 14755ms (cache miss)
848 timing reifyNode:node_modules/@eslint/plugin-kit Completed in 32176ms
849 http fetch GET 200 https://registry.npmjs.org/@eslint-community/regexpp/-/regexpp-4.12.1.tgz 14179ms (cache miss)
850 timing reifyNode:node_modules/@eslint-community/regexpp Completed in 32199ms
851 http fetch GET 200 https://registry.npmjs.org/@eslint-community/eslint-utils/-/eslint-utils-4.9.0.tgz 14181ms (cache miss)
852 timing reifyNode:node_modules/@eslint-community/eslint-utils Completed in 32209ms
853 http fetch GET 200 https://registry.npmjs.org/@eslint/eslintrc/-/eslintrc-3.3.1.tgz 14500ms (cache miss)
854 timing reifyNode:node_modules/@eslint/eslintrc Completed in 32266ms
855 http fetch GET 200 https://registry.npmjs.org/@eslint/config-helpers/-/config-helpers-0.4.0.tgz 14575ms (cache miss)
856 timing reifyNode:node_modules/@eslint/config-helpers Completed in 32299ms
857 http fetch GET 200 https://registry.npmjs.org/@rollup/rollup-win32-x64-msvc/-/rollup-win32-x64-msvc-4.52.4.tgz 15833ms (cache miss)
858 timing reifyNode:node_modules/@rollup/rollup-win32-x64-msvc Completed in 32459ms
859 http fetch GET 200 https://registry.npmjs.org/@babel/plugin-transform-react-jsx-self/-/plugin-transform-react-jsx-self-7.27.1.tgz 14492ms (cache miss)
860 http fetch GET 200 https://registry.npmjs.org/@babel/plugin-transform-react-jsx-source/-/plugin-transform-react-jsx-source-7.27.1.tgz 14565ms (cache miss)
861 http fetch GET 200 https://registry.npmjs.org/@babel/helper-validator-option/-/helper-validator-option-7.27.1.tgz 14519ms (cache miss)
862 timing reifyNode:node_modules/@babel/plugin-transform-react-jsx-self Completed in 32647ms
863 timing reifyNode:node_modules/@babel/plugin-transform-react-jsx-source Completed in 32648ms
864 timing reifyNode:node_modules/@babel/helper-validator-option Completed in 32661ms
865 http fetch GET 200 https://registry.npmjs.org/@babel/helper-string-parser/-/helper-string-parser-7.27.1.tgz 14508ms (cache miss)
866 timing reifyNode:node_modules/@babel/helper-string-parser Completed in 32664ms
867 http fetch GET 200 https://registry.npmjs.org/@babel/helper-validator-identifier/-/helper-validator-identifier-7.27.1.tgz 14701ms (cache miss)
868 timing reifyNode:node_modules/@babel/helper-validator-identifier Completed in 32823ms
869 http fetch GET 200 https://registry.npmjs.org/@babel/template/-/template-7.27.2.tgz 14844ms (cache miss)
870 timing reifyNode:node_modules/@babel/template Completed in 33077ms
871 http fetch GET 200 https://registry.npmjs.org/@babel/helper-plugin-utils/-/helper-plugin-utils-7.27.1.tgz 14852ms (cache miss)
872 timing reifyNode:node_modules/@babel/helper-plugin-utils Completed in 33219ms
873 http fetch GET 200 https://registry.npmjs.org/@babel/helper-module-transforms/-/helper-module-transforms-7.28.3.tgz 15010ms (cache miss)
874 timing reifyNode:node_modules/@babel/helper-module-transforms Completed in 33245ms
875 http fetch GET 200 https://registry.npmjs.org/@babel/helpers/-/helpers-7.28.4.tgz 15150ms (cache miss)
876 timing reifyNode:node_modules/@babel/helpers Completed in 33336ms
877 http fetch GET 200 https://registry.npmjs.org/yallist/-/yallist-5.0.0.tgz 14549ms (cache miss)
878 http fetch GET 200 https://registry.npmjs.org/@babel/helper-module-imports/-/helper-module-imports-7.27.1.tgz 14650ms (cache miss)
879 http fetch GET 200 https://registry.npmjs.org/@babel/helper-globals/-/helper-globals-7.28.0.tgz 14857ms (cache miss)
880 timing reifyNode:node_modules/@babel/helper-globals Completed in 33420ms
881 timing reifyNode:node_modules/@babel/helper-module-imports Completed in 33425ms
882 timing reifyNode:node_modules/tar/node_modules/yallist Completed in 33442ms
883 http fetch GET 200 https://registry.npmjs.org/@babel/traverse/-/traverse-7.28.4.tgz 15222ms (cache miss)
884 timing reifyNode:node_modules/@babel/traverse Completed in 33448ms
885 http fetch GET 200 https://registry.npmjs.org/@babel/types/-/types-7.28.4.tgz 15689ms (cache miss)
886 timing reifyNode:node_modules/@babel/types Completed in 33475ms
887 http fetch GET 200 https://registry.npmjs.org/caniuse-lite/-/caniuse-lite-1.0.30001750.tgz 16150ms (cache miss)
888 timing reifyNode:node_modules/caniuse-lite Completed in 33536ms
889 http fetch GET 200 https://registry.npmjs.org/@babel/parser/-/parser-7.28.4.tgz 15369ms (cache miss)
890 timing reifyNode:node_modules/@babel/parser Completed in 33617ms
891 http fetch GET 200 https://registry.npmjs.org/@babel/code-frame/-/code-frame-7.27.1.tgz 14693ms (cache miss)
892 timing reifyNode:node_modules/@babel/code-frame Completed in 33625ms
893 http fetch GET 200 https://registry.npmjs.org/@babel/compat-data/-/compat-data-7.28.4.tgz 14713ms (cache miss)
894 timing reifyNode:node_modules/@babel/compat-data Completed in 33678ms
895 http fetch GET 200 https://registry.npmjs.org/@babel/helper-compilation-targets/-/helper-compilation-targets-7.27.2.tgz 14669ms (cache miss)
896 http fetch GET 200 https://registry.npmjs.org/eslint-visitor-keys/-/eslint-visitor-keys-3.4.3.tgz 14678ms (cache miss)
897 http fetch GET 200 https://registry.npmjs.org/globals/-/globals-14.0.0.tgz 14680ms (cache miss)
898 timing reifyNode:node_modules/@eslint/eslintrc/node_modules/globals Completed in 33715ms
899 timing reifyNode:node_modules/@eslint-community/eslint-utils/node_modules/eslint-visitor-keys Completed in 33718ms
900 timing reifyNode:node_modules/@babel/helper-compilation-targets Completed in 33741ms
901 http fetch GET 200 https://registry.npmjs.org/@babel/generator/-/generator-7.28.3.tgz 14856ms (cache miss)
902 timing reifyNode:node_modules/@babel/generator Completed in 33764ms
903 http fetch GET 200 https://registry.npmjs.org/@babel/core/-/core-7.28.4.tgz 15256ms (cache miss)
904 timing reifyNode:node_modules/@babel/core Completed in 34167ms
905 http fetch GET 200 https://registry.npmjs.org/@rollup/rollup-win32-x64-gnu/-/rollup-win32-x64-gnu-4.52.4.tgz 20873ms (cache miss)
906 timing reifyNode:node_modules/@rollup/rollup-win32-x64-gnu Completed in 37791ms
907 http fetch GET 200 https://registry.npmjs.org/@esbuild/win32-x64/-/win32-x64-0.25.10.tgz 23115ms (cache miss)
908 timing reifyNode:node_modules/@esbuild/win32-x64 Completed in 41182ms
909 http fetch GET 200 https://registry.npmjs.org/@tailwindcss/oxide-win32-x64-msvc/-/oxide-win32-x64-msvc-4.1.14.tgz 23925ms (cache miss)
910 timing reifyNode:node_modules/@tailwindcss/oxide-win32-x64-msvc Completed in 44611ms
911 http fetch GET 200 https://registry.npmjs.org/@reduxjs/toolkit/-/toolkit-2.9.0.tgz 27351ms (cache miss)
912 timing reifyNode:node_modules/@reduxjs/toolkit Completed in 44620ms
913 http fetch GET 200 https://registry.npmjs.org/date-fns/-/date-fns-4.1.0.tgz 47946ms (cache miss)
914 timing reifyNode:node_modules/date-fns Completed in 61990ms
915 http fetch GET 200 https://registry.npmjs.org/lightningcss-win32-x64-msvc/-/lightningcss-win32-x64-msvc-1.30.1.tgz 54094ms (cache miss)
916 timing reifyNode:node_modules/lightningcss-win32-x64-msvc Completed in 62819ms
917 http fetch GET 200 https://registry.npmjs.org/lucide-react/-/lucide-react-0.540.0.tgz 54867ms (cache miss)
918 timing reifyNode:node_modules/lucide-react Completed in 65521ms
919 timing reify:unpack Completed in 65527ms
920 timing reify:unretire Completed in 0ms
921 timing build:queue Completed in 15ms
922 timing build:link:node_modules/@babel/parser Completed in 45ms
923 timing build:link:node_modules/browserslist Completed in 44ms
924 timing build:link:node_modules/acorn Completed in 45ms
925 timing build:link:node_modules/esbuild Completed in 44ms
926 timing build:link:node_modules/baseline-browser-mapping Completed in 44ms
927 timing build:link:node_modules/js-yaml Completed in 43ms
928 timing build:link:node_modules/jiti Completed in 43ms
929 timing build:link:node_modules/eslint Completed in 45ms
930 timing build:link:node_modules/jsesc Completed in 44ms
931 timing build:link:node_modules/json5 Completed in 43ms
932 timing build:link:node_modules/semver Completed in 43ms
933 timing build:link:node_modules/update-browserslist-db Completed in 43ms
934 timing build:link:node_modules/rollup Completed in 43ms
935 timing build:link:node_modules/nanoid Completed in 43ms
936 timing build:link:node_modules/vite Completed in 43ms
937 timing build:link:node_modules/which Completed in 42ms
938 timing build:link Completed in 47ms
939 info run @tailwindcss/oxide@4.1.14 postinstall node_modules/@tailwindcss/oxide node ./scripts/install.js
940 info run esbuild@0.25.10 postinstall node_modules/esbuild node install.js
941 info run @tailwindcss/oxide@4.1.14 postinstall { code: 0, signal: null }
942 timing build:run:postinstall:node_modules/@tailwindcss/oxide Completed in 243ms
943 info run esbuild@0.25.10 postinstall { code: 0, signal: null }
944 timing build:run:postinstall:node_modules/esbuild Completed in 651ms
945 timing build:run:postinstall Completed in 694ms
946 timing build:deps Completed in 756ms
947 timing build Completed in 757ms
948 timing reify:build Completed in 757ms
949 timing reify:trash Completed in 1ms
950 timing reify Completed in 66392ms
951 silly ADD node_modules/yocto-queue
952 silly ADD node_modules/yallist
953 silly ADD node_modules/word-wrap
954 silly ADD node_modules/which
955 silly ADD node_modules/vite
956 silly ADD node_modules/victory-vendor
957 silly ADD node_modules/use-sync-external-store
958 silly ADD node_modules/uri-js
959 silly ADD node_modules/update-browserslist-db
960 silly ADD node_modules/type-check
961 silly ADD node_modules/tinyglobby
962 silly ADD node_modules/tiny-invariant
963 silly ADD node_modules/tar
964 silly ADD node_modules/tar/node_modules/yallist
965 silly ADD node_modules/tapable
966 silly ADD node_modules/tailwindcss
967 silly ADD node_modules/supports-color
968 silly ADD node_modules/strip-json-comments
969 silly ADD node_modules/source-map-js
970 silly ADD node_modules/shebang-regex
971 silly ADD node_modules/shebang-command
972 silly ADD node_modules/set-cookie-parser
973 silly ADD node_modules/semver
974 silly ADD node_modules/scheduler
975 silly ADD node_modules/rollup
976 silly ADD node_modules/resolve-from
977 silly ADD node_modules/reselect
978 silly ADD node_modules/redux-thunk
979 silly ADD node_modules/redux
980 silly ADD node_modules/recharts
981 silly ADD node_modules/react-router-dom
982 silly ADD node_modules/react-router
983 silly ADD node_modules/react-refresh
984 silly ADD node_modules/react-redux
985 silly ADD node_modules/react-is
986 silly ADD node_modules/react-hot-toast
987 silly ADD node_modules/react-dom
988 silly ADD node_modules/react
989 silly ADD node_modules/punycode
990 silly ADD node_modules/prelude-ls
991 silly ADD node_modules/postcss
992 silly ADD node_modules/picomatch
993 silly ADD node_modules/picocolors
994 silly ADD node_modules/path-key
995 silly ADD node_modules/path-exists
996 silly ADD node_modules/parent-module
997 silly ADD node_modules/p-locate
998 silly ADD node_modules/p-limit
999 silly ADD node_modules/optionator
1000 silly ADD node_modules/node-releases
1001 silly ADD node_modules/natural-compare
1002 silly ADD node_modules/nanoid
1003 silly ADD node_modules/ms
1004 silly ADD node_modules/minizlib
1005 silly ADD node_modules/minipass
1006 silly ADD node_modules/minimatch
1007 silly ADD node_modules/magic-string
1008 silly ADD node_modules/lucide-react
1009 silly ADD node_modules/lru-cache
1010 silly ADD node_modules/lodash.merge
1011 silly ADD node_modules/locate-path
1012 silly ADD node_modules/lightningcss-win32-x64-msvc
1013 silly ADD node_modules/lightningcss
1014 silly ADD node_modules/levn
1015 silly ADD node_modules/keyv
1016 silly ADD node_modules/json5
1017 silly ADD node_modules/json-stable-stringify-without-jsonify
1018 silly ADD node_modules/json-schema-traverse
1019 silly ADD node_modules/json-buffer
1020 silly ADD node_modules/jsesc
1021 silly ADD node_modules/js-yaml
1022 silly ADD node_modules/js-tokens
1023 silly ADD node_modules/jiti
1024 silly ADD node_modules/isexe
1025 silly ADD node_modules/is-glob
1026 silly ADD node_modules/is-extglob
1027 silly ADD node_modules/internmap
1028 silly ADD node_modules/imurmurhash
1029 silly ADD node_modules/import-fresh
1030 silly ADD node_modules/immer
1031 silly ADD node_modules/ignore
1032 silly ADD node_modules/has-flag
1033 silly ADD node_modules/graceful-fs
1034 silly ADD node_modules/goober
1035 silly ADD node_modules/globals
1036 silly ADD node_modules/glob-parent
1037 silly ADD node_modules/gensync
1038 silly ADD node_modules/flatted
1039 silly ADD node_modules/flat-cache
1040 silly ADD node_modules/find-up
1041 silly ADD node_modules/file-entry-cache
1042 silly ADD node_modules/fdir
1043 silly ADD node_modules/fast-levenshtein
1044 silly ADD node_modules/fast-json-stable-stringify
1045 silly ADD node_modules/fast-deep-equal
1046 silly ADD node_modules/eventemitter3
1047 silly ADD node_modules/esutils
1048 silly ADD node_modules/estraverse
1049 silly ADD node_modules/esrecurse
1050 silly ADD node_modules/esquery
1051 silly ADD node_modules/espree
1052 silly ADD node_modules/eslint-visitor-keys
1053 silly ADD node_modules/eslint-scope
1054 silly ADD node_modules/eslint-plugin-react-refresh
1055 silly ADD node_modules/eslint-plugin-react-hooks
1056 silly ADD node_modules/eslint
1057 silly ADD node_modules/escape-string-regexp
1058 silly ADD node_modules/escalade
1059 silly ADD node_modules/esbuild
1060 silly ADD node_modules/es-toolkit
1061 silly ADD node_modules/enhanced-resolve
1062 silly ADD node_modules/electron-to-chromium
1063 silly ADD node_modules/detect-libc
1064 silly ADD node_modules/deep-is
1065 silly ADD node_modules/decimal.js-light
1066 silly ADD node_modules/debug
1067 silly ADD node_modules/date-fns
1068 silly ADD node_modules/d3-timer
1069 silly ADD node_modules/d3-time-format
1070 silly ADD node_modules/d3-time
1071 silly ADD node_modules/d3-shape
1072 silly ADD node_modules/d3-scale
1073 silly ADD node_modules/d3-path
1074 silly ADD node_modules/d3-interpolate
1075 silly ADD node_modules/d3-format
1076 silly ADD node_modules/d3-ease
1077 silly ADD node_modules/d3-color
1078 silly ADD node_modules/d3-array
1079 silly ADD node_modules/csstype
1080 silly ADD node_modules/cross-spawn
1081 silly ADD node_modules/cookie
1082 silly ADD node_modules/convert-source-map
1083 silly ADD node_modules/concat-map
1084 silly ADD node_modules/color-name
1085 silly ADD node_modules/color-convert
1086 silly ADD node_modules/clsx
1087 silly ADD node_modules/chownr
1088 silly ADD node_modules/chalk
1089 silly ADD node_modules/caniuse-lite
1090 silly ADD node_modules/callsites
1091 silly ADD node_modules/browserslist
1092 silly ADD node_modules/brace-expansion
1093 silly ADD node_modules/baseline-browser-mapping
1094 silly ADD node_modules/balanced-match
1095 silly ADD node_modules/argparse
1096 silly ADD node_modules/ansi-styles
1097 silly ADD node_modules/ajv
1098 silly ADD node_modules/acorn-jsx
1099 silly ADD node_modules/acorn
1100 silly ADD node_modules/@vitejs/plugin-react
1101 silly ADD node_modules/@types/use-sync-external-store
1102 silly ADD node_modules/@types/react-dom
1103 silly ADD node_modules/@types/react
1104 silly ADD node_modules/@types/json-schema
1105 silly ADD node_modules/@types/estree
1106 silly ADD node_modules/@types/d3-timer
1107 silly ADD node_modules/@types/d3-time
1108 silly ADD node_modules/@types/d3-shape
1109 silly ADD node_modules/@types/d3-scale
1110 silly ADD node_modules/@types/d3-path
1111 silly ADD node_modules/@types/d3-interpolate
1112 silly ADD node_modules/@types/d3-ease
1113 silly ADD node_modules/@types/d3-color
1114 silly ADD node_modules/@types/d3-array
1115 silly ADD node_modules/@types/babel__traverse
1116 silly ADD node_modules/@types/babel__template
1117 silly ADD node_modules/@types/babel__generator
1118 silly ADD node_modules/@types/babel__core
1119 silly ADD node_modules/@tailwindcss/vite
1120 silly ADD node_modules/@tailwindcss/oxide-win32-x64-msvc
1121 silly ADD node_modules/@tailwindcss/oxide
1122 silly ADD node_modules/@tailwindcss/node
1123 silly ADD node_modules/@standard-schema/utils
1124 silly ADD node_modules/@standard-schema/spec
1125 silly ADD node_modules/@rollup/rollup-win32-x64-msvc
1126 silly ADD node_modules/@rollup/rollup-win32-x64-gnu
1127 silly ADD node_modules/@rolldown/pluginutils
1128 silly ADD node_modules/@reduxjs/toolkit
1129 silly ADD node_modules/@jridgewell/trace-mapping
1130 silly ADD node_modules/@jridgewell/sourcemap-codec
1131 silly ADD node_modules/@jridgewell/resolve-uri
1132 silly ADD node_modules/@jridgewell/remapping
1133 silly ADD node_modules/@jridgewell/gen-mapping
1134 silly ADD node_modules/@isaacs/fs-minipass
1135 silly ADD node_modules/@humanwhocodes/retry
1136 silly ADD node_modules/@humanwhocodes/module-importer
1137 silly ADD node_modules/@humanfs/node
1138 silly ADD node_modules/@humanfs/core
1139 silly ADD node_modules/@eslint/plugin-kit
1140 silly ADD node_modules/@eslint/object-schema
1141 silly ADD node_modules/@eslint/js
1142 silly ADD node_modules/@eslint/eslintrc
1143 silly ADD node_modules/@eslint/eslintrc/node_modules/globals
1144 silly ADD node_modules/@eslint/core
1145 silly ADD node_modules/@eslint/config-helpers
1146 silly ADD node_modules/@eslint/config-array
1147 silly ADD node_modules/@eslint-community/regexpp
1148 silly ADD node_modules/@eslint-community/eslint-utils
1149 silly ADD node_modules/@eslint-community/eslint-utils/node_modules/eslint-visitor-keys
1150 silly ADD node_modules/@esbuild/win32-x64
1151 silly ADD node_modules/@babel/types
1152 silly ADD node_modules/@babel/traverse
1153 silly ADD node_modules/@babel/template
1154 silly ADD node_modules/@babel/plugin-transform-react-jsx-source
1155 silly ADD node_modules/@babel/plugin-transform-react-jsx-self
1156 silly ADD node_modules/@babel/parser
1157 silly ADD node_modules/@babel/helpers
1158 silly ADD node_modules/@babel/helper-validator-option
1159 silly ADD node_modules/@babel/helper-validator-identifier
1160 silly ADD node_modules/@babel/helper-string-parser
1161 silly ADD node_modules/@babel/helper-plugin-utils
1162 silly ADD node_modules/@babel/helper-module-transforms
1163 silly ADD node_modules/@babel/helper-module-imports
1164 silly ADD node_modules/@babel/helper-globals
1165 silly ADD node_modules/@babel/helper-compilation-targets
1166 silly ADD node_modules/@babel/generator
1167 silly ADD node_modules/@babel/core
1168 silly ADD node_modules/@babel/compat-data
1169 silly ADD node_modules/@babel/code-frame
1170 timing command:ci Completed in 66737ms
1171 notice
1171 notice New major version of npm available! 9.9.4 -> 11.14.1
1171 notice Changelog: <https://github.com/npm/cli/releases/tag/v11.14.1>
1171 notice Run `npm install -g npm@11.14.1` to update!
1171 notice
1172 verbose exit 0
1173 timing npm Completed in 67549ms
1174 info ok
